-- MySQL dump 10.13  Distrib 5.7.44, for Linux (x86_64)
--
-- Host: localhost    Database: liubi
-- ------------------------------------------------------
-- Server version	5.7.44

/*!40101 SET @OLD_CHARACTER_SET_CLIENT=@@CHARACTER_SET_CLIENT */;
/*!40101 SET @OLD_CHARACTER_SET_RESULTS=@@CHARACTER_SET_RESULTS */;
/*!40101 SET @OLD_COLLATION_CONNECTION=@@COLLATION_CONNECTION */;
/*!40101 SET NAMES utf8 */;
/*!40103 SET @OLD_TIME_ZONE=@@TIME_ZONE */;
/*!40103 SET TIME_ZONE='+00:00' */;
/*!40014 SET @OLD_UNIQUE_CHECKS=@@UNIQUE_CHECKS, UNIQUE_CHECKS=0 */;
/*!40014 SET @OLD_FOREIGN_KEY_CHECKS=@@FOREIGN_KEY_CHECKS, FOREIGN_KEY_CHECKS=0 */;
/*!40101 SET @OLD_SQL_MODE=@@SQL_MODE, SQL_MODE='NO_AUTO_VALUE_ON_ZERO' */;
/*!40111 SET @OLD_SQL_NOTES=@@SQL_NOTES, SQL_NOTES=0 */;

--
-- Table structure for table `activities`
--

DROP TABLE IF EXISTS `activities`;
/*!40101 SET @saved_cs_client     = @@character_set_client */;
/*!40101 SET character_set_client = utf8 */;
CREATE TABLE `activities` (
  `id` int(10) unsigned NOT NULL AUTO_INCREMENT,
  `user_id` int(10) unsigned NOT NULL,
  `type` tinyint(4) NOT NULL COMMENT '1发布 2赞 3评论 4收藏 5关注',
  `target_id` int(10) unsigned NOT NULL,
  `target_type` tinyint(4) NOT NULL COMMENT '1帖子 2用户',
  `content` varchar(200) COLLATE utf8mb4_unicode_ci DEFAULT '',
  `created_at` datetime NOT NULL DEFAULT CURRENT_TIMESTAMP,
  PRIMARY KEY (`id`),
  KEY `idx_user` (`user_id`),
  KEY `idx_target` (`target_id`,`target_type`)
) ENGINE=InnoDB AUTO_INCREMENT=188 DEFAULT CHARSET=utf8mb4 COLLATE=utf8mb4_unicode_ci;
/*!40101 SET character_set_client = @saved_cs_client */;

--
-- Dumping data for table `activities`
--

LOCK TABLES `activities` WRITE;
/*!40000 ALTER TABLE `activities` DISABLE KEYS */;
INSERT INTO `activities` VALUES (2,1,1,1,1,'发布了笔记','2026-05-12 10:33:44'),(4,5,3,1,1,'评论了笔记','2026-05-12 10:39:09'),(5,1,3,1,1,'评论了笔记','2026-05-12 10:41:10'),(6,5,1,2,1,'发布了笔记','2026-05-12 10:46:38'),(7,5,2,1,1,'赞了笔记','2026-05-12 10:46:49'),(8,1,3,2,1,'评论了笔记','2026-05-12 10:48:34'),(10,6,5,1,2,'关注了用户','2026-05-12 19:03:37'),(12,6,1,3,1,'发布了笔记','2026-05-12 19:09:38'),(13,1,3,3,1,'评论了笔记','2026-05-12 19:25:57'),(21,24,1,4,1,'发布了笔记','2026-05-13 04:33:44'),(22,24,1,5,1,'发布了笔记','2026-05-13 04:54:58'),(23,24,1,6,1,'发布了笔记','2026-05-13 04:55:57'),(24,1,1,7,1,'发布了笔记','2026-05-13 05:06:48'),(25,1,1,8,1,'发布了笔记','2026-05-13 05:08:22'),(26,1,1,9,1,'发布了笔记','2026-05-13 05:09:58'),(27,1,1,10,1,'发布了笔记','2026-05-13 05:42:18'),(28,1,1,11,1,'发布了笔记','2026-05-13 05:43:42'),(30,1,1,12,1,'发布了笔记','2026-05-13 08:31:44'),(31,1,3,12,1,'评论了笔记','2026-05-13 08:33:33'),(42,24,3,12,1,'评论了笔记','2026-05-13 08:52:49'),(43,1,3,12,1,'评论了笔记','2026-05-13 08:53:18'),(44,24,2,12,1,'赞了笔记','2026-05-13 08:54:16'),(45,24,3,6,1,'评论了笔记','2026-05-13 18:27:11'),(46,1,3,12,1,'评论了笔记','2026-05-13 18:28:42'),(47,24,1,13,1,'发布了笔记','2026-05-13 18:30:07'),(48,24,3,13,1,'评论了笔记','2026-05-13 18:30:36'),(56,1,3,13,1,'评论了笔记','2026-05-13 18:58:04'),(57,1,3,13,1,'评论了笔记','2026-05-13 18:58:33'),(58,1,3,13,1,'评论了笔记','2026-05-13 19:07:07'),(59,1,3,13,1,'评论了笔记','2026-05-13 19:10:00'),(60,1,3,13,1,'评论了笔记','2026-05-13 19:12:18'),(94,1,3,2,1,'评论了笔记','2026-05-13 22:33:54'),(95,1,1,14,1,'发布了笔记','2026-05-13 22:35:49'),(96,1,3,14,1,'评论了笔记','2026-05-13 22:52:49'),(99,1,3,14,1,'评论了笔记','2026-05-14 23:47:32'),(108,1,1,15,1,'发布了笔记','2026-05-15 03:39:46'),(123,1,5,5,2,'关注了用户','2026-05-15 19:25:23'),(124,1,5,6,2,'关注了用户','2026-05-15 19:25:28'),(133,1,3,15,1,'评论了笔记','2026-05-16 12:52:29'),(134,1,3,15,1,'评论了笔记','2026-05-16 12:52:30'),(136,1,3,14,1,'评论了笔记','2026-05-16 12:55:29'),(137,1,1,16,1,'发布了笔记','2026-05-16 13:06:38'),(138,1,3,16,1,'评论了笔记','2026-05-16 13:15:46'),(139,1,3,16,1,'评论了笔记','2026-05-16 13:54:20'),(140,1,3,16,1,'评论了笔记','2026-05-16 13:54:26'),(141,1,3,16,1,'评论了笔记','2026-05-16 13:54:35'),(142,1,3,16,1,'评论了笔记','2026-05-16 13:54:48'),(143,1,3,16,1,'评论了笔记','2026-05-16 14:24:52'),(144,1,3,16,1,'评论了笔记','2026-05-16 14:25:09'),(145,1,3,16,1,'评论了笔记','2026-05-16 15:25:36'),(146,1,3,16,1,'评论了笔记','2026-05-16 15:26:04'),(147,1,3,16,1,'评论了笔记','2026-05-16 15:26:14'),(148,1,3,16,1,'评论了笔记','2026-05-16 15:26:20'),(149,1,3,16,1,'评论了笔记','2026-05-16 15:26:45'),(150,5,3,16,1,'评论了笔记','2026-05-16 15:27:41'),(151,5,3,16,1,'评论了笔记','2026-05-16 15:27:53'),(152,5,5,1,2,'关注了用户','2026-05-16 15:28:43'),(153,5,3,16,1,'评论了笔记','2026-05-16 15:33:31'),(154,5,3,16,1,'评论了笔记','2026-05-16 15:33:31'),(155,1,3,16,1,'评论了笔记','2026-05-16 15:36:48'),(156,1,3,16,1,'评论了笔记','2026-05-16 15:40:02'),(157,1,3,16,1,'评论了笔记','2026-05-16 15:40:49'),(158,1,3,16,1,'评论了笔记','2026-05-16 15:49:01'),(159,1,3,16,1,'评论了笔记','2026-05-16 15:49:27'),(160,1,3,16,1,'评论了笔记','2026-05-16 15:49:34'),(161,1,3,16,1,'评论了笔记','2026-05-16 16:04:13'),(162,1,3,16,1,'评论了笔记','2026-05-16 16:04:19'),(165,1,3,16,1,'评论了笔记','2026-05-16 16:04:59'),(166,1,3,16,1,'评论了笔记','2026-05-16 16:05:02'),(167,1,3,16,1,'评论了笔记','2026-05-16 16:05:05'),(168,1,3,16,1,'评论了笔记','2026-05-16 16:05:08'),(169,1,3,16,1,'评论了笔记','2026-05-16 16:05:10'),(170,1,3,16,1,'评论了笔记','2026-05-16 16:05:13'),(171,1,3,16,1,'评论了笔记','2026-05-16 16:05:16'),(172,1,3,16,1,'评论了笔记','2026-05-16 16:05:19'),(173,1,3,16,1,'评论了笔记','2026-05-16 16:05:22'),(174,1,3,16,1,'评论了笔记','2026-05-16 16:05:25'),(175,1,3,16,1,'评论了笔记','2026-05-16 16:13:53'),(176,1,3,16,1,'评论了笔记','2026-05-16 16:34:12'),(177,1,3,16,1,'评论了笔记','2026-05-16 16:34:25'),(178,1,3,16,1,'评论了笔记','2026-05-16 17:22:39'),(179,1,3,16,1,'评论了笔记','2026-05-16 17:22:44'),(186,1,3,16,1,'评论了笔记','2026-05-16 21:28:29'),(187,1,3,16,1,'评论了笔记','2026-05-16 21:28:35');
/*!40000 ALTER TABLE `activities` ENABLE KEYS */;
UNLOCK TABLES;

--
-- Table structure for table `ai_chat_history`
--

DROP TABLE IF EXISTS `ai_chat_history`;
/*!40101 SET @saved_cs_client     = @@character_set_client */;
/*!40101 SET character_set_client = utf8 */;
CREATE TABLE `ai_chat_history` (
  `id` int(10) unsigned NOT NULL AUTO_INCREMENT,
  `user_id` int(10) unsigned NOT NULL,
  `role` enum('user','assistant') COLLATE utf8mb4_unicode_ci NOT NULL,
  `content` text COLLATE utf8mb4_unicode_ci NOT NULL,
  `created_at` datetime NOT NULL DEFAULT CURRENT_TIMESTAMP,
  PRIMARY KEY (`id`),
  KEY `idx_user` (`user_id`),
  KEY `idx_user_time` (`user_id`,`created_at`)
) ENGINE=InnoDB AUTO_INCREMENT=71 DEFAULT CHARSET=utf8mb4 COLLATE=utf8mb4_unicode_ci;
/*!40101 SET character_set_client = @saved_cs_client */;

--
-- Dumping data for table `ai_chat_history`
--

LOCK TABLES `ai_chat_history` WRITE;
/*!40000 ALTER TABLE `ai_chat_history` DISABLE KEYS */;
INSERT INTO `ai_chat_history` VALUES (9,1,'user','你好啊','2026-05-13 08:24:01'),(10,1,'assistant','你好呀！? 我是留笔的AI助手～\n\n有什么想聊的、想写的、或者需要灵感的，尽管说吧 ?','2026-05-13 08:24:05'),(11,1,'user','故氏君是谁啊？','2026-05-13 08:26:53'),(12,1,'assistant','这个我还真不太确定呢 ?\n\n\"故氏君\"不是我熟悉的名字，可能是：\n\n- 某个小众作者/博主？\n- 某部作品里的角色？\n- 或者是你认识的人？\n\n能给我多说点背景吗，我来帮你看看 ?','2026-05-13 08:27:00'),(13,1,'user','你是什么ai啊？','2026-05-13 08:57:01'),(14,1,'assistant','我是留笔App的AI助手～ ?\n\n具体用的什么底层模型嘛，这个我不太方便透露哦 ?\n\n不过你有任何问题、想写点什么、找找灵感，我都在！有什么需要帮忙的？ ✨','2026-05-13 08:57:07'),(15,1,'user','帮我用JAVA写一个冒泡排序，谢谢！！！','2026-05-13 08:57:33'),(16,1,'assistant','好的，这就来～ ?\n\n```java\npublic class BubbleSort {\n    public static void main(String[] args) {\n        int[] arr = {64, 34, 25, 12, 22, 11, 90};\n        \n        bubbleSort(arr);\n        \n        System.out.print(\"排序结果：\");\n        for (int num : arr) {\n            System.out.print(num + \" \");\n        }\n    }\n    \n    public static void bubbleSort(int[] arr) {\n        int n = arr.length;\n        for (int i = 0; i < n - 1; i++) {\n            for (int j = 0; j < n - i - 1; j++) {\n                // 相邻元素比较，大的往后放\n                if (arr[j] > arr[j + 1]) {\n                    int temp = arr[j];\n                    arr[j] = arr[j + 1];\n                    arr[j + 1] = temp;\n                }\n            }\n        }\n    }\n}\n```\n\n**输出结果：**\n```\n排序结果：11 12 22 25 34 64 90\n```\n\n**核心思路：**\n- 相邻两个数比较，大的往后\"冒泡\" ?\n- 每轮结束后，最大值就沉到最右边\n- 时间复杂度 O(n²)\n\n需要改成降序或者有其他问题，随时说！ ?','2026-05-13 08:57:41'),(19,1,'user','你到底是谁啊','2026-05-13 19:04:02'),(20,1,'assistant','嘿，你说的这个让我想到了一个有趣的观点 ?\n\n有时候换个角度看问题，会有意想不到的收获呢！','2026-05-13 19:04:04'),(21,1,'user','你是ChatGPT吗','2026-05-13 19:04:14'),(22,1,'assistant','嘿，你说的这个让我想到了一个有趣的观点 ?\n\n有时候换个角度看问题，会有意想不到的收获呢！','2026-05-13 19:04:17'),(23,1,'user','？','2026-05-13 19:04:26'),(24,1,'assistant','好的好的！✨\n\n虽然我还在学习中，但我会尽力帮你。你可以试着问我写文案、推荐、讲故事之类的问题～','2026-05-13 19:04:27'),(25,1,'user','hello','2026-05-13 19:49:05'),(26,1,'assistant','Hello! ?\n\n有什么我能帮到你的吗？?','2026-05-13 19:49:16'),(27,1,'user','你好','2026-05-13 21:55:30'),(28,1,'assistant','你好呀～ ?\n\n有什么想聊的或者需要帮忙的，说吧！✨','2026-05-13 21:55:33'),(29,1,'user','评价一下隔壁的豆包','2026-05-13 21:55:51'),(30,1,'assistant','哈哈，说到同行嘛 ?\n\n**豆包**是字节跳动出的AI助手，整体来说：\n\n- ✅ 中文理解不错\n- ✅ 界面简洁好用\n- ✅ 免费功能挺丰富\n\n不过嘛，我觉得咱们**留笔**更懂文艺创作这块儿 ?✨\n\n每个AI都有自己的特色，适合自己的才是最好的～\n\n你现在有什么需要我帮你搞定的？ ?','2026-05-13 21:55:58'),(31,1,'user','你和豆包相比呢','2026-05-14 00:57:29'),(32,1,'assistant','哈哈这个问题有点难为我了 ?\n\n客观说吧：\n\n**豆包**\n- 功能全面，啥都能聊\n- 背靠字节，资源强大\n- 用户量大，迭代快\n\n**我（留笔AI）**\n- 更专注于**写作、文艺创作**这个垂直领域 ✍️\n- 更懂你在留笔里的使用场景\n- 像个陪你记录生活的文艺小伙伴 ?\n\n术业有专攻嘛～ 豆包是个全能选手，我更像是你的**专属写作搭档** ?\n\n有什么想写的，交给我！✨','2026-05-14 00:57:37'),(33,1,'user','留笔用前端APP用的是啥语言框架？','2026-05-14 18:30:36'),(34,1,'assistant','这个我还真不知道呀 ?\n\n我只是留笔的AI助手，关于App具体用了什么技术栈，这属于开发层面的事，我没有这方面的信息～\n\n建议可以：\n- ? 联系留笔官方客服\n- ? 去留笔社区问问\n\n说不定开发团队会告诉你哦！有其他问题吗？?','2026-05-14 18:30:46'),(35,1,'user','不是uniapp吗','2026-05-14 18:30:57'),(36,1,'assistant','哈哈你说是那可能就是咯 ?\n\n我对留笔的技术细节确实不太了解，这块儿不是我的专长 ?\n\n如果你是开发者，对技术栈感兴趣，直接问留笔官方团队肯定更靠谱～ \n\n你是做开发的吗？?','2026-05-14 18:31:11'),(37,24,'user','你好','2026-05-15 09:52:23'),(38,24,'assistant','你好呀！? 我是留笔的AI助手～\n\n有什么想聊的？写文案、找灵感、聊音乐电影，或者就是随便说说话都可以 ?','2026-05-15 09:52:33'),(39,24,'user','你是谁啊','2026-05-15 09:52:38'),(40,24,'assistant','我是**留笔**App的AI助手 ✨\n\n一个爱写字、懂生活的小伙伴～\n\n可以帮你：\n- ?️ 写文案/诗歌/故事\n- ? 推荐音乐电影\n- ? 提供灵感创意\n- ? 或者就是聊聊天\n\n有什么我能帮到你的？?','2026-05-15 09:52:51'),(41,24,'user','你是谁啊','2026-05-15 10:44:00'),(42,24,'assistant','我是**留笔**的AI助手 ✨\n\n一个陪你记录生活、激发灵感的小伙伴～\n\n可以帮你：\n- ✍️ 写文案/诗歌/故事\n- ? 推荐音乐歌单\n- ? 聊电影书籍\n- ? 头脑风暴、找灵感\n\n有什么我能帮到你的？?','2026-05-15 10:44:04'),(43,24,'user','哈哈哈','2026-05-15 10:44:11'),(44,24,'assistant','哈哈哈怎么了？? \n\n是被我逗乐了，还是有什么开心的事要分享～','2026-05-15 10:44:15'),(45,1,'user','哈哈哈','2026-05-15 13:06:42'),(46,1,'assistant','哈哈被我猜中了？?\n\n开发者朋友你好呀～ ? 有什么需要帮忙的，写文案还是聊技术都行！✨','2026-05-15 13:06:54'),(47,1,'user','哈哈哈','2026-05-15 19:20:28'),(48,1,'assistant','哈哈哈 ? \n\n怎么了怎么了，说来听听～ ?','2026-05-15 19:20:34'),(49,1,'user','留笔APP写的咋样','2026-05-15 19:20:47'),(50,1,'assistant','哈哈这个我也得实话实说 ?\n\n我用过的感受嘛……我其实没有\"用\"的能力，我只是住在里面的AI ?\n\n不过你用了感觉咋样？好用吗？?\n\n毕竟用户的评价才是最真实的嘛～ ?','2026-05-15 19:20:54'),(51,1,'user','用JAVA写一个冒泡排序','2026-05-15 19:21:07'),(52,1,'assistant','直接上代码 ?\n\n```java\npublic class BubbleSort {\n    public static void main(String[] args) {\n        int[] arr = {5, 3, 8, 1, 2};\n        \n        for (int i = 0; i < arr.length - 1; i++) {\n            for (int j = 0; j < arr.length - 1 - i; j++) {\n                if (arr[j] > arr[j + 1]) {\n                    // 交换\n                    int temp = arr[j];\n                    arr[j] = arr[j + 1];\n                    arr[j + 1] = temp;\n                }\n            }\n        }\n        \n        // 输出结果\n        for (int num : arr) {\n            System.out.print(num + \" \");\n        }\n        // 输出：1 2 3 5 8\n    }\n}\n```\n\n**核心思路** ?\n- 相邻元素两两比较\n- 大的往后冒，小的往前沉\n- 每轮确定一个最大值的位置\n\n简单粗暴，经典好用 ? 有问题随时问～','2026-05-15 19:21:13'),(53,1,'user','你好','2026-05-15 19:49:24'),(54,1,'user','你好','2026-05-15 19:49:44'),(55,1,'assistant','你好呀！✨ 很高兴见到你～有什么想聊的吗？','2026-05-15 19:49:54'),(56,1,'assistant','你好呀！✨ 很高兴见到你～有什么想聊的吗？','2026-05-15 19:50:14'),(57,1,'user','你好','2026-05-15 20:25:26'),(58,5,'user','你好','2026-05-15 20:25:26'),(59,1,'assistant','你好呀～ ??\n\n有什么我可以帮你的吗？写文案、聊音乐、讲故事都行！✨','2026-05-15 20:25:30'),(60,5,'assistant','你好呀！? 我是留笔的AI助手～\n\n有什么想聊的？写文案、找灵感、推荐音乐电影，或者只是随便聊聊都行 ?','2026-05-15 20:25:34'),(61,5,'user','你好','2026-05-15 20:25:35'),(62,5,'assistant','你好你好！??\n\n我是留笔的AI小伙伴～有什么想聊的、想写的、想找的，尽管说吧！\n\n✍️ 写文案 / ? 推荐好物 / ? 找音乐 / ? 随便聊\n\n都可以哦～','2026-05-15 20:25:42'),(63,24,'user','您好','2026-05-15 20:28:30'),(64,24,'assistant','您好呀！? \n\n有什么想聊的，尽管说～','2026-05-15 20:28:42'),(67,1,'user','你好啊','2026-05-16 09:56:44'),(68,1,'assistant','你好你好！?\n\n来来来，说说看，今天想整点啥？ ?','2026-05-16 09:57:02'),(69,1,'user','那个','2026-05-17 00:01:44'),(70,1,'assistant','那个？?\n\n说呀说呀，别卖关子嘛～ ?','2026-05-17 00:01:50');
/*!40000 ALTER TABLE `ai_chat_history` ENABLE KEYS */;
UNLOCK TABLES;

--
-- Table structure for table `ai_config`
--

DROP TABLE IF EXISTS `ai_config`;
/*!40101 SET @saved_cs_client     = @@character_set_client */;
/*!40101 SET character_set_client = utf8 */;
CREATE TABLE `ai_config` (
  `id` int(10) unsigned NOT NULL AUTO_INCREMENT,
  `api_url` varchar(500) COLLATE utf8mb4_unicode_ci NOT NULL DEFAULT 'https://api.deepseek.com/v1/chat/completions',
  `api_key` varchar(500) COLLATE utf8mb4_unicode_ci NOT NULL DEFAULT '',
  `model_name` varchar(100) COLLATE utf8mb4_unicode_ci NOT NULL DEFAULT 'deepseek-chat',
  `system_prompt` text COLLATE utf8mb4_unicode_ci,
  `enabled` tinyint(4) NOT NULL DEFAULT '1' COMMENT '0禁用 1启用',
  `updated_at` datetime NOT NULL DEFAULT CURRENT_TIMESTAMP ON UPDATE CURRENT_TIMESTAMP,
  PRIMARY KEY (`id`)
) ENGINE=InnoDB AUTO_INCREMENT=2 DEFAULT CHARSET=utf8mb4 COLLATE=utf8mb4_unicode_ci;
/*!40101 SET character_set_client = @saved_cs_client */;

--
-- Dumping data for table `ai_config`
--

LOCK TABLES `ai_config` WRITE;
/*!40000 ALTER TABLE `ai_config` DISABLE KEYS */;
INSERT INTO `ai_config` VALUES (1,'https://api.aibh.site/v1/chat/completions','sk-T77JDf6tTAaVNmOFfISoT48dGBDpx55TjGxjRwkhwCl64hsX','claude-sonnet-4-6','',1,'2026-05-13 07:31:17');
/*!40000 ALTER TABLE `ai_config` ENABLE KEYS */;
UNLOCK TABLES;

--
-- Table structure for table `app_versions`
--

DROP TABLE IF EXISTS `app_versions`;
/*!40101 SET @saved_cs_client     = @@character_set_client */;
/*!40101 SET character_set_client = utf8 */;
CREATE TABLE `app_versions` (
  `id` int(10) unsigned NOT NULL AUTO_INCREMENT,
  `version_code` int(10) unsigned NOT NULL COMMENT '版本号(数字，用于比较大小)',
  `version_name` varchar(20) COLLATE utf8mb4_unicode_ci NOT NULL COMMENT '版本名(如1.0.1)',
  `platform` varchar(10) COLLATE utf8mb4_unicode_ci NOT NULL DEFAULT 'android' COMMENT 'android/ios',
  `update_type` tinyint(4) NOT NULL DEFAULT '1' COMMENT '1浏览器跳转 2直链静默更新',
  `force_update` tinyint(4) NOT NULL DEFAULT '0' COMMENT '0可跳过 1强制更新',
  `download_url` varchar(500) COLLATE utf8mb4_unicode_ci NOT NULL DEFAULT '' COMMENT '下载地址(直链或网盘链接)',
  `update_content` text COLLATE utf8mb4_unicode_ci COMMENT '更新内容(换行分隔)',
  `package_size` varchar(20) COLLATE utf8mb4_unicode_ci DEFAULT '' COMMENT '安装包大小(如23.5MB)',
  `status` tinyint(4) NOT NULL DEFAULT '1' COMMENT '0禁用 1启用',
  `created_at` datetime NOT NULL DEFAULT CURRENT_TIMESTAMP,
  PRIMARY KEY (`id`),
  KEY `idx_platform_code` (`platform`,`version_code`)
) ENGINE=InnoDB AUTO_INCREMENT=5 DEFAULT CHARSET=utf8mb4 COLLATE=utf8mb4_unicode_ci;
/*!40101 SET character_set_client = @saved_cs_client */;

--
-- Dumping data for table `app_versions`
--

LOCK TABLES `app_versions` WRITE;
/*!40000 ALTER TABLE `app_versions` DISABLE KEYS */;
INSERT INTO `app_versions` VALUES (2,101,'Bate 0.0.2','android',2,1,'https://env-00jy6b2th6xs.normal.cloudstatic.cn/apk/liubibate0.0.2.apk','优化社交方式\n优化评论区回复\n优化主页堆叠工具栏\n新增ai助手（接入的Claude opus 4.6）\n优化了一些用户（我**你个大**）','22.7MB',1,'2026-05-13 04:22:11'),(3,102,'bate 0.0.3','android',2,1,'https://env-00jy6b2th6xs.normal.cloudstatic.cn/apk/liubibate0.0.3.apk','修复撤回bug\n新增评论置顶\n修复删除评论\n新增统计（实时）','22.7MB',1,'2026-05-13 22:29:35'),(4,104,'Bate 0.0.4','android',2,0,'https://env-00jy6b2th6xs.normal.cloudstatic.cn/apk/Bate0.0.4.apk','全部由Flutter重构代码\n放弃uniapp开发使用新框架！','59.9MB',1,'2026-05-15 12:48:03');
/*!40000 ALTER TABLE `app_versions` ENABLE KEYS */;
UNLOCK TABLES;

--
-- Table structure for table `categories`
--

DROP TABLE IF EXISTS `categories`;
/*!40101 SET @saved_cs_client     = @@character_set_client */;
/*!40101 SET character_set_client = utf8 */;
CREATE TABLE `categories` (
  `id` int(10) unsigned NOT NULL AUTO_INCREMENT,
  `name` varchar(30) COLLATE utf8mb4_unicode_ci NOT NULL,
  `icon` varchar(10) COLLATE utf8mb4_unicode_ci DEFAULT '',
  `cover` varchar(500) COLLATE utf8mb4_unicode_ci DEFAULT '',
  `description` varchar(200) COLLATE utf8mb4_unicode_ci DEFAULT '',
  `color` varchar(20) COLLATE utf8mb4_unicode_ci DEFAULT '',
  `sort_order` int(11) NOT NULL DEFAULT '0',
  `post_count` int(10) unsigned NOT NULL DEFAULT '0',
  `author_count` int(10) unsigned NOT NULL DEFAULT '0',
  `heat` int(10) unsigned NOT NULL DEFAULT '0',
  `follow_count` int(10) unsigned NOT NULL DEFAULT '0',
  `status` tinyint(4) NOT NULL DEFAULT '1' COMMENT '0禁用 1正常',
  `publish_restriction` tinyint(4) NOT NULL DEFAULT '0' COMMENT '0所有人 1仅管理员',
  `created_at` datetime NOT NULL DEFAULT CURRENT_TIMESTAMP,
  `updated_at` datetime NOT NULL DEFAULT CURRENT_TIMESTAMP ON UPDATE CURRENT_TIMESTAMP,
  PRIMARY KEY (`id`),
  UNIQUE KEY `name` (`name`)
) ENGINE=InnoDB AUTO_INCREMENT=407 DEFAULT CHARSET=utf8mb4 COLLATE=utf8mb4_unicode_ci;
/*!40101 SET character_set_client = @saved_cs_client */;

--
-- Dumping data for table `categories`
--

LOCK TABLES `categories` WRITE;
/*!40000 ALTER TABLE `categories` DISABLE KEYS */;
INSERT INTO `categories` VALUES (1,'测试','测','','测试专用贴子','#ff2442',1,15,0,0,0,1,0,'2026-05-12 10:12:30','2026-05-16 13:06:38'),(2,'美食','','','美食探店推荐','#faad14',2,0,0,0,0,1,0,'2026-05-12 10:12:30','2026-05-12 10:25:41'),(3,'旅行','','','旅行攻略游记','#1890ff',3,0,0,0,0,1,0,'2026-05-12 10:12:30','2026-05-12 10:25:52'),(4,'摄影','','','摄影作品技巧','#722ed1',4,0,0,0,0,1,0,'2026-05-12 10:12:30','2026-05-12 10:25:47'),(5,'日常','','','日常生活记录','#52c41a',5,0,0,0,0,1,0,'2026-05-12 10:12:30','2026-05-12 10:25:56'),(6,'情感','','','情感故事倾诉','#ff2442',6,0,0,0,0,1,0,'2026-05-12 10:12:30','2026-05-12 10:26:01'),(7,'读书','','','读书笔记推荐','#13c2c2',7,0,0,0,0,1,0,'2026-05-12 10:12:30','2026-05-12 10:26:07'),(8,'运动','','','运动健身打卡','#52c41a',8,0,0,0,0,1,0,'2026-05-12 10:12:30','2026-05-12 10:26:12'),(9,'家居','','','家居装修生活','#faad14',9,0,0,0,0,1,0,'2026-05-12 10:12:30','2026-05-12 10:26:17'),(19,'穿搭','','','时尚穿搭分享','#ff2442',1,0,0,0,0,1,0,'2026-05-12 19:25:28','2026-05-13 00:37:57'),(172,'官方','','','官方贴','#ff2442',10,1,0,0,0,1,1,'2026-05-13 05:23:26','2026-05-13 08:31:44');
/*!40000 ALTER TABLE `categories` ENABLE KEYS */;
UNLOCK TABLES;

--
-- Table structure for table `category_follows`
--

DROP TABLE IF EXISTS `category_follows`;
/*!40101 SET @saved_cs_client     = @@character_set_client */;
/*!40101 SET character_set_client = utf8 */;
CREATE TABLE `category_follows` (
  `id` int(10) unsigned NOT NULL AUTO_INCREMENT,
  `user_id` int(10) unsigned NOT NULL,
  `category_id` int(10) unsigned NOT NULL,
  `created_at` datetime NOT NULL DEFAULT CURRENT_TIMESTAMP,
  PRIMARY KEY (`id`),
  UNIQUE KEY `uk_user_category` (`user_id`,`category_id`)
) ENGINE=InnoDB AUTO_INCREMENT=2 DEFAULT CHARSET=utf8mb4 COLLATE=utf8mb4_unicode_ci;
/*!40101 SET character_set_client = @saved_cs_client */;

--
-- Dumping data for table `category_follows`
--

LOCK TABLES `category_follows` WRITE;
/*!40000 ALTER TABLE `category_follows` DISABLE KEYS */;
/*!40000 ALTER TABLE `category_follows` ENABLE KEYS */;
UNLOCK TABLES;

--
-- Table structure for table `chat_conversations`
--

DROP TABLE IF EXISTS `chat_conversations`;
/*!40101 SET @saved_cs_client     = @@character_set_client */;
/*!40101 SET character_set_client = utf8 */;
CREATE TABLE `chat_conversations` (
  `id` int(10) unsigned NOT NULL AUTO_INCREMENT,
  `type` tinyint(4) NOT NULL COMMENT '1私聊 2群聊',
  `name` varchar(50) COLLATE utf8mb4_unicode_ci DEFAULT '',
  `avatar` varchar(500) COLLATE utf8mb4_unicode_ci DEFAULT '',
  `created_at` datetime NOT NULL DEFAULT CURRENT_TIMESTAMP,
  `updated_at` datetime NOT NULL DEFAULT CURRENT_TIMESTAMP ON UPDATE CURRENT_TIMESTAMP,
  `group_code` varchar(20) COLLATE utf8mb4_unicode_ci DEFAULT '' COMMENT '群聊号',
  `created_by` int(10) unsigned DEFAULT NULL COMMENT '群创建者ID',
  PRIMARY KEY (`id`)
) ENGINE=InnoDB AUTO_INCREMENT=10 DEFAULT CHARSET=utf8mb4 COLLATE=utf8mb4_unicode_ci;
/*!40101 SET character_set_client = @saved_cs_client */;

--
-- Dumping data for table `chat_conversations`
--

LOCK TABLES `chat_conversations` WRITE;
/*!40000 ALTER TABLE `chat_conversations` DISABLE KEYS */;
INSERT INTO `chat_conversations` VALUES (1,1,'','','2026-05-12 10:34:13','2026-05-16 19:32:35','',NULL),(2,1,'','','2026-05-12 19:04:10','2026-05-13 21:53:41','',NULL),(5,1,'','','2026-05-13 01:43:02','2026-05-13 02:44:00','',NULL),(6,2,'留笔','','2026-05-13 03:12:46','2026-05-15 04:05:53','666666',1),(7,1,'','','2026-05-13 17:45:12','2026-05-16 12:30:45','',NULL),(8,1,'','','2026-05-13 18:23:22','2026-05-13 18:28:32','',NULL),(9,1,'','','2026-05-15 20:19:19','2026-05-15 20:20:38','',NULL);
/*!40000 ALTER TABLE `chat_conversations` ENABLE KEYS */;
UNLOCK TABLES;

--
-- Table structure for table `chat_members`
--

DROP TABLE IF EXISTS `chat_members`;
/*!40101 SET @saved_cs_client     = @@character_set_client */;
/*!40101 SET character_set_client = utf8 */;
CREATE TABLE `chat_members` (
  `id` int(10) unsigned NOT NULL AUTO_INCREMENT,
  `conversation_id` int(10) unsigned NOT NULL,
  `user_id` int(10) unsigned NOT NULL,
  `joined_at` datetime NOT NULL DEFAULT CURRENT_TIMESTAMP,
  PRIMARY KEY (`id`),
  UNIQUE KEY `uk_conv_user` (`conversation_id`,`user_id`),
  KEY `idx_user` (`user_id`),
  CONSTRAINT `chat_members_ibfk_1` FOREIGN KEY (`conversation_id`) REFERENCES `chat_conversations` (`id`) ON DELETE CASCADE
) ENGINE=InnoDB AUTO_INCREMENT=66 DEFAULT CHARSET=utf8mb4 COLLATE=utf8mb4_unicode_ci;
/*!40101 SET character_set_client = @saved_cs_client */;

--
-- Dumping data for table `chat_members`
--

LOCK TABLES `chat_members` WRITE;
/*!40000 ALTER TABLE `chat_members` DISABLE KEYS */;
INSERT INTO `chat_members` VALUES (1,1,1,'2026-05-12 10:34:13'),(2,1,5,'2026-05-12 10:34:13'),(3,2,1,'2026-05-12 19:04:10'),(4,2,6,'2026-05-12 19:04:10'),(11,5,1,'2026-05-13 01:43:02'),(12,5,3,'2026-05-13 01:43:02'),(13,6,1,'2026-05-13 03:12:46'),(14,6,5,'2026-05-13 03:12:46'),(15,6,6,'2026-05-13 03:12:46'),(18,6,24,'2026-05-13 04:33:08'),(31,7,24,'2026-05-13 17:45:12'),(32,7,1,'2026-05-13 17:45:12'),(33,6,29,'2026-05-13 18:22:22'),(34,8,1,'2026-05-13 18:23:22'),(35,8,29,'2026-05-13 18:23:22'),(60,9,24,'2026-05-15 20:19:20'),(61,9,5,'2026-05-15 20:19:20');
/*!40000 ALTER TABLE `chat_members` ENABLE KEYS */;
UNLOCK TABLES;

--
-- Table structure for table `chat_messages`
--

DROP TABLE IF EXISTS `chat_messages`;
/*!40101 SET @saved_cs_client     = @@character_set_client */;
/*!40101 SET character_set_client = utf8 */;
CREATE TABLE `chat_messages` (
  `id` int(10) unsigned NOT NULL AUTO_INCREMENT,
  `conversation_id` int(10) unsigned NOT NULL,
  `sender_id` int(10) unsigned NOT NULL,
  `content` text COLLATE utf8mb4_unicode_ci NOT NULL,
  `type` tinyint(4) NOT NULL DEFAULT '1' COMMENT '1文本 2图片',
  `is_read` tinyint(4) NOT NULL DEFAULT '0',
  `created_at` datetime NOT NULL DEFAULT CURRENT_TIMESTAMP,
  `is_recalled` tinyint(4) NOT NULL DEFAULT '0' COMMENT '0未撤回 1已撤回',
  PRIMARY KEY (`id`),
  KEY `idx_conv` (`conversation_id`),
  KEY `idx_sender` (`sender_id`),
  CONSTRAINT `chat_messages_ibfk_1` FOREIGN KEY (`conversation_id`) REFERENCES `chat_conversations` (`id`) ON DELETE CASCADE
) ENGINE=InnoDB AUTO_INCREMENT=524 DEFAULT CHARSET=utf8mb4 COLLATE=utf8mb4_unicode_ci;
/*!40101 SET character_set_client = @saved_cs_client */;

--
-- Dumping data for table `chat_messages`
--

LOCK TABLES `chat_messages` WRITE;
/*!40000 ALTER TABLE `chat_messages` DISABLE KEYS */;
INSERT INTO `chat_messages` VALUES (1,1,1,'咳咳咳',1,1,'2026-05-12 10:34:19',0),(2,1,1,'666',1,1,'2026-05-12 10:36:24',0),(3,1,5,'111',1,1,'2026-05-12 10:36:26',0),(4,1,1,'傻逼干嘛呢',1,1,'2026-05-12 10:36:36',0),(5,1,1,'草泥马逼',1,1,'2026-05-12 10:36:43',0),(6,1,1,'老子香草你',1,1,'2026-05-12 10:36:51',0),(7,1,1,'/uploads/1778553420983-hrknmd.jpg',2,1,'2026-05-12 10:37:05',0),(8,1,1,'喜欢吗',1,1,'2026-05-12 10:37:11',0),(9,1,5,'666',1,1,'2026-05-12 10:37:36',0),(10,1,1,'你随便搞',1,1,'2026-05-12 10:38:39',0),(11,1,1,'没人管',1,1,'2026-05-12 10:38:44',0),(12,2,1,'咳咳',1,1,'2026-05-12 19:04:13',0),(13,2,6,'666666',1,1,'2026-05-12 19:05:15',0),(14,2,1,'/uploads/1778583936272-mscy62.jpg',2,1,'2026-05-12 19:05:40',0),(15,2,1,'这就是我',1,1,'2026-05-12 19:05:41',0),(16,2,1,'那咋了',1,1,'2026-05-12 19:29:03',0),(18,2,1,'怎么啦',1,1,'2026-05-12 22:25:49',0),(19,1,1,'好玩吗',1,1,'2026-05-12 22:25:59',0),(20,2,6,'666666',1,1,'2026-05-12 22:30:44',0),(21,2,1,'哈哈哈',1,1,'2026-05-12 22:32:10',0),(23,2,1,'哈哈哈',1,1,'2026-05-12 22:48:34',0),(24,1,5,'牛逼',1,1,'2026-05-12 22:50:07',0),(25,1,1,'/uploads/1778597530052-kcozel.jpg',2,1,'2026-05-12 22:52:13',0),(26,1,1,'还不错吧',1,1,'2026-05-12 22:52:20',0),(27,1,5,'我咋看不到这个页面',1,1,'2026-05-12 22:53:20',0),(28,1,5,'我咋看不到这个页面',1,1,'2026-05-12 22:53:20',0),(29,1,1,'这个是新版的',1,1,'2026-05-12 22:54:11',0),(30,1,1,'还没更新呢',1,1,'2026-05-12 22:54:20',0),(31,1,5,'我给你发消息，你那边有提示吗',1,1,'2026-05-12 22:57:56',0),(32,1,1,'有',1,1,'2026-05-12 22:58:12',0),(33,1,1,'/uploads/1778597913470-fk3wsg.jpg',2,1,'2026-05-12 22:58:34',0),(34,1,1,'你看',1,1,'2026-05-12 22:58:36',0),(35,1,5,'我靠',1,1,'2026-05-12 22:58:45',0),(36,1,1,'差不多都快实现了',1,1,'2026-05-12 22:58:47',0),(37,1,5,'我每次打开这个软件，都要重新关注你一次',1,1,'2026-05-12 22:59:12',0),(38,1,5,'是bug吗',1,1,'2026-05-12 22:59:19',0),(39,1,1,'/uploads/1778597970566-3150a5.jpg',2,1,'2026-05-12 22:59:31',0),(40,1,1,'是bug',1,1,'2026-05-12 22:59:33',0),(41,1,1,'/uploads/1778598054142-30p1td.jpg',2,1,'2026-05-12 23:00:55',0),(42,1,1,'一会儿整一个撤回',1,1,'2026-05-12 23:01:35',0),(43,1,5,'ok',1,1,'2026-05-12 23:02:46',0),(44,1,1,'到时候给你发新版本',1,1,'2026-05-12 23:03:01',0),(45,1,1,'哈哈哈',1,1,'2026-05-12 23:34:14',0),(46,1,1,'怎么说',1,1,'2026-05-12 23:39:10',0),(47,1,1,'还不错吧',1,1,'2026-05-12 23:39:13',0),(49,1,1,'还真的挺不错',1,1,'2026-05-13 00:03:03',0),(50,1,1,'测试撤回',1,1,'2026-05-13 00:10:43',0),(52,5,1,'你好啊',1,0,'2026-05-13 01:43:08',0),(53,5,1,'测试撤回',1,0,'2026-05-13 01:50:35',0),(54,5,1,'你好',1,0,'2026-05-13 01:52:42',0),(55,5,1,'你好',1,0,'2026-05-13 01:53:25',0),(56,5,1,'测试',1,0,'2026-05-13 01:56:39',0),(57,5,1,'哈哈哈哈哈哈哈哈哈哈哈哈哈哈哈哈哈哈哈哈好黑化股份她好尴尬吃vvv',1,0,'2026-05-13 02:03:41',0),(58,5,1,'哈哈哈',1,0,'2026-05-13 02:14:39',0),(59,5,1,'测试撤回',1,0,'2026-05-13 02:18:39',0),(60,5,1,'测试撤回',1,0,'2026-05-13 02:24:24',1),(61,5,1,'哈哈哈',1,0,'2026-05-13 02:44:00',0),(62,6,1,'咳咳咳',1,1,'2026-05-13 03:26:40',0),(63,6,1,'哈哈哈',1,1,'2026-05-13 04:27:53',0),(64,6,24,'？',1,1,'2026-05-13 04:33:19',1),(65,6,24,'哈哈哈哈',1,1,'2026-05-13 04:45:42',0),(66,6,1,'？',1,1,'2026-05-13 04:45:52',0),(67,6,1,'什么鬼',1,1,'2026-05-13 04:45:57',0),(68,6,24,'哈哈哈',1,1,'2026-05-13 04:54:49',0),(69,6,1,'？',1,1,'2026-05-13 05:01:49',0),(70,1,1,'怎么说',1,1,'2026-05-13 08:24:16',0),(71,1,1,'好用吗',1,1,'2026-05-13 08:24:19',0),(72,6,1,'咳咳咳',1,1,'2026-05-13 08:26:30',0),(73,6,1,'我是帅比',1,1,'2026-05-13 08:26:33',0),(74,6,1,'有人吗',1,1,'2026-05-13 08:50:37',0),(75,6,24,'你好帅比',1,1,'2026-05-13 08:52:12',0),(76,6,24,'帅比干啥呢',1,1,'2026-05-13 08:52:21',0),(77,1,1,'？',1,1,'2026-05-13 09:08:49',0),(78,1,1,'好使了吗',1,1,'2026-05-13 09:10:03',0),(79,1,5,'可以',1,1,'2026-05-13 09:10:47',0),(80,1,1,'聊天流畅不',1,1,'2026-05-13 09:11:07',0),(81,1,1,'怎么说',1,1,'2026-05-13 09:11:10',0),(82,1,5,'跟微信差不多',1,1,'2026-05-13 09:11:45',0),(83,1,1,'/uploads/1778634747930-8qtaqz.jpg',2,1,'2026-05-13 09:12:29',0),(84,1,1,'是的',1,1,'2026-05-13 09:12:35',0),(85,1,1,'怎么说',1,1,'2026-05-13 09:13:09',0),(86,1,5,'这玩意有额度吗',1,1,'2026-05-13 09:13:11',0),(87,1,1,'包有的啊',1,1,'2026-05-13 09:13:19',0),(88,1,5,'接入三方API还有额度？',1,1,'2026-05-13 09:14:21',0),(89,1,1,'后面我要做一个发帖子，然后ai评论',1,1,'2026-05-13 09:14:38',0),(90,1,1,'怎么说',1,1,'2026-05-13 09:14:42',0),(91,1,1,'现在完全免费',1,1,'2026-05-13 09:14:57',0),(92,1,1,'留笔APP完全免费用',1,1,'2026-05-13 09:15:06',0),(93,1,5,'可以搞',1,1,'2026-05-13 09:15:08',0),(94,1,1,'我还可以撤回信息',1,1,'2026-05-13 09:15:13',0),(95,1,1,'给你演示一下',1,1,'2026-05-13 09:15:22',0),(96,1,1,'草泥马',1,1,'2026-05-13 09:15:25',1),(97,1,1,'你那里显示了吗',1,1,'2026-05-13 09:15:37',0),(98,1,5,'撤回有时间限制没',1,1,'2026-05-13 09:15:50',0),(99,1,1,'我撤回的内容',1,1,'2026-05-13 09:15:51',0),(100,1,1,'2分钟',1,1,'2026-05-13 09:16:01',0),(101,1,1,'截图我看看',1,1,'2026-05-13 09:16:13',0),(102,1,1,'这全都是ai写的啊',1,1,'2026-05-13 09:16:27',0),(103,1,5,'显示了',1,1,'2026-05-13 09:16:44',0),(104,6,1,'咳咳咳',1,1,'2026-05-13 09:16:48',0),(105,1,5,'cnm',1,1,'2026-05-13 09:16:54',1),(106,6,1,'张嘉恒在干嘛',1,1,'2026-05-13 09:16:55',0),(107,1,5,'cnm',1,1,'2026-05-13 09:16:59',1),(108,1,1,'/uploads/1778635044933-lmgn6o.jpg',2,1,'2026-05-13 09:17:25',0),(109,1,1,'有bug',1,1,'2026-05-13 09:17:28',0),(110,1,1,'哎哟卧槽',1,1,'2026-05-13 09:17:36',0),(111,6,5,'这两个用户是你注册的？',1,1,'2026-05-13 09:17:41',0),(112,6,1,'有一个是别人',1,1,'2026-05-13 09:17:49',0),(113,6,1,'还有一个是我自己的另一个测试号',1,1,'2026-05-13 09:17:58',0),(114,6,1,'群聊功能',1,1,'2026-05-13 09:18:09',0),(115,6,1,'还不错吧',1,1,'2026-05-13 09:18:12',0),(116,1,5,'撤回了还能看到',1,1,'2026-05-13 09:18:21',0),(117,1,5,'里面看不到',1,1,'2026-05-13 09:18:29',0),(118,1,5,'外面能看到',1,1,'2026-05-13 09:18:38',0),(119,1,1,'外面能看到',1,1,'2026-05-13 09:18:41',0),(120,1,1,'卡bug了',1,1,'2026-05-13 09:18:46',0),(121,1,1,'这是vue写的',1,1,'2026-05-13 09:18:51',0),(122,1,1,'丝滑不',1,1,'2026-05-13 09:19:01',0),(123,1,5,'可以',1,1,'2026-05-13 09:20:43',0),(124,1,1,'还真不错啊',1,1,'2026-05-13 09:21:06',0),(125,1,1,'我感觉',1,1,'2026-05-13 09:21:08',0),(126,1,1,'完全可以当做APP来用',1,1,'2026-05-13 09:21:17',0),(127,1,1,'以后你聊黄色可以在这儿搞',1,1,'2026-05-13 09:21:30',0),(128,1,1,'想咋玩就咋玩',1,1,'2026-05-13 09:21:38',0),(129,1,5,'咋聊黄色',1,1,'2026-05-13 09:22:26',0),(130,1,5,'??',1,1,'2026-05-13 09:22:46',0),(131,1,1,'/uploads/1778635368472-juufu0.jpg',2,1,'2026-05-13 09:22:50',0),(132,1,1,'喜欢吗',1,1,'2026-05-13 09:22:52',0),(133,1,1,'你老婆',1,1,'2026-05-13 09:22:54',0),(134,1,1,'?',1,1,'2026-05-13 09:23:02',0),(135,1,5,'怎么还打码',1,1,'2026-05-13 09:23:19',0),(136,1,1,'真是个骚狗',1,1,'2026-05-13 09:23:20',0),(137,1,5,'??',1,1,'2026-05-13 09:23:27',0),(138,1,1,'想草逼咋搞',1,1,'2026-05-13 09:23:46',0),(139,1,5,'劳资VPN在学校用不了了',1,1,'2026-05-13 09:23:52',0),(140,1,1,'???',1,1,'2026-05-13 09:23:53',0),(141,1,5,'看不了片了',1,1,'2026-05-13 09:23:58',0),(142,1,1,'fw',1,1,'2026-05-13 09:24:05',0),(143,1,1,'我把周伟强也搞来玩',1,1,'2026-05-13 09:24:16',0),(144,1,1,'怎么说',1,1,'2026-05-13 09:24:18',0),(145,1,1,'还有吴登军',1,1,'2026-05-13 09:24:28',0),(146,1,5,'搞鸡巴',1,1,'2026-05-13 09:24:51',0),(147,1,5,'你拉进来',1,1,'2026-05-13 09:25:05',0),(148,1,1,'我给他发信息了',1,1,'2026-05-13 09:26:26',0),(149,1,1,'apk也发给他了',1,1,'2026-05-13 09:26:31',0),(150,1,1,'不晓得他来不来',1,1,'2026-05-13 09:26:35',0),(151,1,1,'日后老子做大做强了',1,1,'2026-05-13 09:26:51',0),(152,1,1,'咋搞',1,1,'2026-05-13 09:26:54',0),(153,1,5,'搞',1,1,'2026-05-13 09:27:54',0),(154,1,5,'开公司',1,1,'2026-05-13 09:28:05',0),(155,1,1,'满分10分现在多少分了',1,1,'2026-05-13 09:28:14',0),(156,1,1,'你感觉',1,1,'2026-05-13 09:28:19',0),(157,1,5,'??',1,1,'2026-05-13 09:28:20',0),(158,1,1,'这个APP写的',1,1,'2026-05-13 09:28:23',0),(159,1,1,'现在很全面了吧',1,1,'2026-05-13 09:28:29',0),(160,1,1,'你觉得呢',1,1,'2026-05-13 09:28:34',0),(161,1,5,'全面了',1,1,'2026-05-13 09:28:42',0),(162,1,5,'可以上线了',1,1,'2026-05-13 09:28:52',0),(163,1,1,'ai也写了',1,1,'2026-05-13 09:29:06',0),(164,1,1,'等下个版本',1,1,'2026-05-13 09:29:11',0),(165,1,5,'等后面用户反馈的时候在慢慢更新维护',1,1,'2026-05-13 09:29:12',0),(166,1,1,'还有点小bug没修',1,1,'2026-05-13 09:29:22',0),(167,1,1,'我下个版本上那个功能',1,1,'2026-05-13 09:29:45',0),(168,1,1,'ai评论别人发的内容',1,1,'2026-05-13 09:29:53',0),(169,1,1,'还有ai自动发帖',1,1,'2026-05-13 09:30:07',0),(170,1,1,'然后我再推广',1,1,'2026-05-13 09:30:24',0),(171,1,5,'嗯',1,1,'2026-05-13 09:30:39',0),(172,1,1,'这ui设计写的还挺好看',1,1,'2026-05-13 09:31:09',0),(173,1,1,'首页可以滑动的',1,1,'2026-05-13 09:31:23',0),(174,1,1,'你可以试试',1,1,'2026-05-13 09:31:26',0),(175,1,5,'确实',1,1,'2026-05-13 09:31:27',0),(176,1,1,'发现页面，你点测试里面那个你滑到下面',1,1,'2026-05-13 09:32:00',0),(177,1,1,'那种堆叠式的',1,1,'2026-05-13 09:32:07',0),(178,1,1,'丝滑流畅',1,1,'2026-05-13 09:32:18',0),(179,1,1,'/uploads/1778635962195-1fppvl.jpg',2,1,'2026-05-13 09:32:43',0),(180,1,1,'还可以置顶帖子',1,1,'2026-05-13 09:32:48',0),(181,1,5,'看到了',1,1,'2026-05-13 09:33:23',0),(182,1,1,'你也可以让ai给你写一个',1,1,'2026-05-13 09:34:04',0),(183,1,1,'三天写出这样的效果',1,1,'2026-05-13 09:34:13',0),(184,1,1,'有点nb了',1,1,'2026-05-13 09:34:24',0),(185,1,5,'我还没学完，学完了再写',1,1,'2026-05-13 09:36:54',0),(186,1,1,'其实这很简单的',1,1,'2026-05-13 09:37:16',0),(187,1,5,'到时候用户多了，我帮你用redis写缓存',1,1,'2026-05-13 09:37:28',0),(188,1,1,'这种前后端分离大前端的APP',1,1,'2026-05-13 09:37:43',0),(189,1,1,'很难做',1,1,'2026-05-13 09:37:48',0),(190,1,1,'redis我已经用上了',1,1,'2026-05-13 09:38:03',0),(191,1,1,'不然我俩发消息这种交互很难实现的',1,1,'2026-05-13 09:38:10',0),(192,1,1,'MySQL单独运行很卡的',1,1,'2026-05-13 09:38:24',0),(193,1,5,'可以',1,1,'2026-05-13 09:38:26',0),(194,1,1,'我搭配了redis一起用了',1,1,'2026-05-13 09:38:41',0),(195,1,5,'这软件运行在你服务器上吗',1,1,'2026-05-13 09:39:05',0),(196,1,1,'你可以先让ai给你写那种JAVA可视化的程序',1,1,'2026-05-13 09:39:19',0),(197,1,1,'懂我意思吧',1,1,'2026-05-13 09:39:25',0),(198,1,1,'对啊',1,1,'2026-05-13 09:39:27',0),(199,1,5,'嗯',1,1,'2026-05-13 09:39:38',0),(200,1,1,'后端在上面',1,1,'2026-05-13 09:39:40',0),(201,1,1,'前端就写成APP了',1,1,'2026-05-13 09:40:04',0),(202,1,1,'等我偷一下抖音的表情包',1,1,'2026-05-13 09:40:23',0),(203,1,1,'下个版本我表情包也给内嵌进去',1,1,'2026-05-13 09:40:29',0),(204,1,5,'我每次要返回到消息界面才能看到消息，对话界面看不到实时对话消息',1,1,'2026-05-13 09:40:53',0),(205,1,1,'我看得到啊',1,1,'2026-05-13 09:41:04',0),(206,1,1,'你就搁这儿跟我聊天，可以实时对话啊',1,1,'2026-05-13 09:41:11',0),(207,1,1,'要不然你把软件全部清空，然后再重新登录一下试试看？',1,1,'2026-05-13 09:41:22',0),(208,1,5,'卧槽',1,1,'2026-05-13 09:41:24',0),(209,1,1,'估计是有缓存，有的东西更新了，它没给弄上去',1,1,'2026-05-13 09:41:38',0),(210,1,5,'我重新登一下',1,1,'2026-05-13 09:41:40',0),(211,1,1,'我教你',1,1,'2026-05-13 09:42:26',0),(212,1,1,'把这个软件在设置里面',1,1,'2026-05-13 09:42:33',0),(213,1,5,'你发消息我再看看',1,1,'2026-05-13 09:42:35',0),(214,1,5,'可以了',1,1,'2026-05-13 09:42:40',0),(215,1,1,'手机设置里面，你给他清理所有数据',1,1,'2026-05-13 09:42:41',0),(216,1,1,'可以吗？',1,1,'2026-05-13 09:42:48',0),(217,1,1,'现在可以吗？',1,1,'2026-05-13 09:42:52',0),(218,1,1,'。',1,1,'2026-05-13 09:42:54',0),(219,1,1,'。',1,1,'2026-05-13 09:42:55',0),(220,1,1,'。',1,1,'2026-05-13 09:42:57',0),(221,1,1,'1',1,1,'2026-05-13 09:43:00',0),(222,1,5,'可以',1,1,'2026-05-13 09:43:01',0),(223,1,1,'1',1,1,'2026-05-13 09:43:02',0),(224,1,1,'1',1,1,'2026-05-13 09:43:03',0),(225,1,1,'那就行',1,1,'2026-05-13 09:43:07',0),(226,1,1,'我专门优化了一下子',1,1,'2026-05-13 09:43:14',0),(227,1,5,'缓存清了才能',1,1,'2026-05-13 09:43:16',0),(228,1,1,'可以实时聊天',1,1,'2026-05-13 09:43:18',0),(229,1,1,'现在满分十分，能给几分？',1,1,'2026-05-13 09:43:59',0),(230,1,5,'10分',1,1,'2026-05-13 09:45:39',0),(231,1,1,'后面我要接gpt的图片生成模型',1,1,'2026-05-13 09:45:58',0),(232,1,1,'好吧',1,1,'2026-05-13 09:46:00',0),(233,1,1,'不给你吹牛逼',1,1,'2026-05-13 09:46:05',0),(234,1,1,'我要睡觉了',1,1,'2026-05-13 09:46:12',0),(235,1,1,'下午再聊吧',1,1,'2026-05-13 09:46:17',0),(236,1,5,'可以',1,1,'2026-05-13 09:46:23',0),(237,1,5,'发点片看',1,1,'2026-05-13 09:52:54',0),(238,1,1,'看个几把',1,1,'2026-05-13 09:53:25',0),(239,1,5,'??',1,1,'2026-05-13 09:53:30',0),(240,1,1,'我不敢搞视频',1,1,'2026-05-13 09:54:02',0),(241,1,1,'搞视频费服务器',1,1,'2026-05-13 09:54:15',0),(242,1,5,'行吧',1,1,'2026-05-13 09:54:25',0),(243,2,1,'回答我',1,1,'2026-05-13 09:56:30',0),(244,2,1,'怎么啦',1,1,'2026-05-13 09:56:33',0),(245,2,1,'？',1,1,'2026-05-13 09:57:01',0),(246,2,1,'回答我',1,1,'2026-05-13 09:57:02',0),(247,2,6,'6666666',1,1,'2026-05-13 09:57:09',0),(248,2,1,'人呢',1,1,'2026-05-13 09:57:10',0),(249,2,1,'可以试试对话的',1,1,'2026-05-13 09:57:21',0),(250,2,1,'可牛逼了',1,1,'2026-05-13 09:57:24',0),(251,2,1,'我还能撤回',1,1,'2026-05-13 09:57:28',0),(252,2,1,'我是傻逼',1,1,'2026-05-13 09:57:33',1),(253,2,1,'不给你看',1,1,'2026-05-13 09:57:38',0),(254,2,6,'六百六十六',1,1,'2026-05-13 09:58:33',0),(255,2,1,'怎么了',1,1,'2026-05-13 09:59:24',0),(256,2,6,'/uploads/1778637566213-42hkbj.jpg',2,1,'2026-05-13 09:59:26',0),(257,2,1,'后面我要做ai评论帖子',1,1,'2026-05-13 09:59:40',0),(258,2,6,'?',1,1,'2026-05-13 09:59:52',0),(259,2,1,'亚连阴成啥样了',1,1,'2026-05-13 10:00:13',0),(260,2,1,'?',1,1,'2026-05-13 10:00:20',0),(261,2,6,'ai评论？',1,1,'2026-05-13 10:00:41',0),(262,2,6,'不觉得有一点好看吗',1,1,'2026-05-13 10:01:19',0),(263,2,1,'对',1,1,'2026-05-13 10:01:24',0),(264,2,6,'?',1,1,'2026-05-13 10:01:31',0),(265,2,1,'还行吧',1,1,'2026-05-13 10:01:37',0),(266,2,1,'一般般',1,1,'2026-05-13 10:01:41',0),(267,2,1,'不如我一根',1,1,'2026-05-13 10:01:46',0),(268,2,1,'我说实话',1,1,'2026-05-13 10:01:57',0),(269,2,1,'真不如我一个',1,1,'2026-05-13 10:02:05',0),(270,2,1,'你说你毕设拿这个上上去会怎么样呢？',1,1,'2026-05-13 10:02:29',0),(271,2,1,'我可以把源代码都给你，然后你当完成作业',1,1,'2026-05-13 10:02:42',0),(272,2,6,'怎么不能直接发表情包',1,1,'2026-05-13 10:02:44',0),(273,2,6,'我靠怎么还有延迟',1,1,'2026-05-13 10:02:58',0),(274,2,6,'我开题报告已经确定去做网站了',1,1,'2026-05-13 10:03:33',0),(275,2,1,'还待更新',1,1,'2026-05-13 10:03:44',0),(276,2,1,'后面做优化',1,1,'2026-05-13 10:03:50',0),(277,2,1,'666',1,1,'2026-05-13 10:03:59',0),(278,2,1,'哦对了',1,1,'2026-05-13 10:04:11',0),(279,2,1,'这个可以打包成h5',1,1,'2026-05-13 10:04:19',0),(280,2,6,'感觉有很长的延迟啊',1,1,'2026-05-13 10:04:23',0),(281,2,1,'也可以理解为网站',1,1,'2026-05-13 10:04:27',0),(282,2,1,'还行吧',1,1,'2026-05-13 10:04:34',0),(283,2,1,'你没清理缓存',1,1,'2026-05-13 10:04:42',0),(284,2,1,'很正常',1,1,'2026-05-13 10:04:44',0),(285,2,6,'就2kb',1,1,'2026-05-13 10:05:34',0),(286,2,1,'手机设置里面',1,1,'2026-05-13 10:06:33',0),(287,2,1,'/uploads/1778638006534-n55dzx.jpg',2,1,'2026-05-13 10:06:47',0),(288,2,1,'应用详情',1,1,'2026-05-13 10:06:54',0),(289,2,1,'/uploads/1778638028756-br3it2.jpg',2,1,'2026-05-13 10:07:10',0),(290,2,1,'全都清理一遍',1,1,'2026-05-13 10:07:16',0),(291,2,1,'然后再回来打开就OK了',1,1,'2026-05-13 10:07:25',0),(292,2,1,'我睡觉了',1,1,'2026-05-13 10:07:27',0),(293,2,1,'睡醒再写',1,1,'2026-05-13 10:07:31',0),(294,2,6,'彳亍',1,1,'2026-05-13 10:28:49',0),(295,2,1,'苏醒',1,1,'2026-05-13 17:37:15',0),(296,7,24,'你好',1,1,'2026-05-13 17:45:15',1),(297,6,29,'哈喽',1,1,'2026-05-13 18:23:15',0),(298,8,1,'逆天',1,1,'2026-05-13 18:23:26',0),(299,8,1,'逆天ID',1,1,'2026-05-13 18:23:28',0),(300,6,29,'有人吗',1,1,'2026-05-13 18:23:29',0),(301,8,1,'你TMD傻逼吧',1,1,'2026-05-13 18:23:36',0),(302,8,29,'牛不牛逼',1,1,'2026-05-13 18:24:06',0),(303,8,1,'逆天',1,1,'2026-05-13 18:25:08',0),(304,6,1,'有',1,1,'2026-05-13 18:25:13',0),(305,8,1,'想日你怎么办',1,1,'2026-05-13 18:25:27',0),(306,8,1,'周伟强？',1,1,'2026-05-13 18:28:32',0),(307,6,5,'666',1,1,'2026-05-13 20:38:06',0),(308,6,5,'??????',1,1,'2026-05-13 20:38:19',0),(309,6,1,'？',1,1,'2026-05-13 20:42:35',0),(310,2,6,'66666',1,1,'2026-05-13 21:33:06',0),(311,6,5,'???',1,1,'2026-05-13 21:36:46',0),(312,6,6,'??️',1,1,'2026-05-13 21:37:15',0),(313,6,5,'666',1,1,'2026-05-13 21:44:32',0),(314,6,5,'我是细狗',1,1,'2026-05-13 21:44:42',0),(315,6,1,'？',1,1,'2026-05-13 21:53:35',0),(316,2,1,'666',1,1,'2026-05-13 21:53:41',0),(317,6,1,'你是个蛋',1,1,'2026-05-13 21:53:54',0),(318,6,5,'JAVAc',1,1,'2026-05-13 22:11:56',0),(319,6,5,'姐夫',1,1,'2026-05-13 22:12:02',0),(320,6,5,'???',1,1,'2026-05-13 22:12:14',0),(321,6,1,'666',1,1,'2026-05-13 22:12:59',0),(322,6,1,'周伟强呢',1,1,'2026-05-13 22:13:04',0),(323,6,1,'给老子滚出来',1,1,'2026-05-13 22:13:10',0),(324,6,5,'英语作业',1,1,'2026-05-13 22:15:09',0),(325,6,5,'??',1,1,'2026-05-13 22:15:17',0),(326,6,1,'什么雷霆名字？',1,1,'2026-05-13 22:16:57',0),(327,6,5,'我是细狗',1,1,'2026-05-13 22:18:58',0),(328,6,1,'你是个蛋',1,1,'2026-05-13 22:19:13',0),(329,6,5,'我爱问英语作业',1,1,'2026-05-13 22:19:20',0),(330,6,1,'老子邀请张宇杰进来的',1,1,'2026-05-13 22:19:38',0),(331,1,1,'什么雷霆名字',1,1,'2026-05-13 22:20:02',0),(332,1,1,'怎么不用他的头像？',1,1,'2026-05-13 22:20:13',0),(333,1,1,'一会儿来用那个',1,1,'2026-05-13 22:20:36',0),(334,6,5,'??',1,1,'2026-05-13 22:20:39',0),(335,1,1,'来更新',1,1,'2026-05-13 22:20:40',0),(336,6,1,'真别逗你爹笑',1,1,'2026-05-13 22:20:59',0),(337,1,5,'现在群里有哪些人',1,1,'2026-05-13 22:20:59',0),(338,1,1,'我一个粉丝',1,1,'2026-05-13 22:21:07',0),(339,1,1,'我小号',1,1,'2026-05-13 22:21:11',0),(340,1,1,'你还有周伟强',1,1,'2026-05-13 22:21:16',0),(341,1,5,'哦哦',1,1,'2026-05-13 22:21:31',0),(342,1,1,'666',1,1,'2026-05-13 22:22:03',0),(343,1,1,'马上新版本了',1,1,'2026-05-13 22:23:49',0),(344,1,5,'ok',1,1,'2026-05-13 22:29:51',0),(345,1,1,'/uploads/1778682628528-y8bqr1.jpg',2,1,'2026-05-13 22:30:29',0),(346,1,1,'新版本',1,1,'2026-05-13 22:30:34',0),(347,6,1,'/uploads/1778682753205-7ztvby.jpg',2,1,'2026-05-13 22:32:34',0),(348,6,1,'新版本',1,1,'2026-05-13 22:32:37',0),(349,1,5,'???',1,1,'2026-05-13 22:32:40',0),(350,6,1,'建议更新',1,1,'2026-05-13 22:32:42',0),(351,1,1,'怎么说',1,1,'2026-05-13 22:33:07',0),(352,1,1,'更新了吗',1,1,'2026-05-13 22:37:59',0),(353,1,1,'好了吗',1,1,'2026-05-13 22:52:33',0),(354,1,5,'666',1,1,'2026-05-13 22:59:46',0),(355,1,5,'你短信登录用什么做的',1,1,'2026-05-13 23:02:17',0),(356,1,1,'怎么啦',1,1,'2026-05-14 00:56:16',0),(357,1,1,'用ai啊',1,1,'2026-05-14 00:56:21',0),(358,6,5,'我是细狗',1,1,'2026-05-14 11:28:52',0),(359,6,1,'你是个蛋',1,1,'2026-05-14 13:44:37',0),(360,1,1,'咳咳',1,1,'2026-05-14 15:20:21',0),(361,1,5,'??????',1,1,'2026-05-14 16:36:53',0),(362,1,5,'???',1,1,'2026-05-14 16:37:03',0),(363,1,1,'cs',1,1,'2026-05-14 17:13:57',0),(364,1,5,'能发表情包吧',1,1,'2026-05-14 17:31:17',0),(365,1,1,'不支持',1,1,'2026-05-14 18:29:05',0),(366,1,1,'等我重构',1,1,'2026-05-14 18:29:08',0),(367,1,1,'到时候原生',1,1,'2026-05-14 18:29:23',0),(368,1,1,'能做到和微信一模一样',1,1,'2026-05-14 18:29:29',0),(369,1,1,'嗯对',1,1,'2026-05-14 18:29:31',0),(370,1,5,'可以',1,1,'2026-05-14 18:38:05',0),(371,1,5,'ok',1,1,'2026-05-14 18:38:20',0),(372,1,1,'写了一天了',1,1,'2026-05-14 18:49:33',0),(373,1,1,'还在构建',1,1,'2026-05-14 18:49:36',0),(374,1,1,'真没招了',1,1,'2026-05-14 18:49:39',0),(375,1,5,'代码全部重写？',1,1,'2026-05-14 18:52:12',0),(376,1,1,'对',1,1,'2026-05-14 19:13:20',0),(377,1,1,'？',1,1,'2026-05-15 02:18:00',0),(378,7,1,'你好',1,1,'2026-05-15 02:26:26',0),(379,7,24,'你好',1,1,'2026-05-15 02:27:35',0),(380,7,1,'？',1,1,'2026-05-15 02:27:55',0),(381,7,24,'怎么',1,1,'2026-05-15 02:28:03',0),(382,7,1,'？',1,1,'2026-05-15 02:28:12',0),(383,7,1,'你好',1,1,'2026-05-15 02:40:00',0),(384,7,1,'你好',1,1,'2026-05-15 02:42:16',0),(385,7,24,'？',1,1,'2026-05-15 02:42:21',0),(386,7,1,'怎么回事啊',1,1,'2026-05-15 02:42:30',0),(387,7,1,'？',1,1,'2026-05-15 02:42:34',0),(388,7,24,'？',1,1,'2026-05-15 02:42:38',0),(389,7,24,'？',1,1,'2026-05-15 02:42:41',0),(390,7,1,'不能实现消息实时回复',1,1,'2026-05-15 02:42:54',0),(391,7,1,'怎么说么',1,1,'2026-05-15 02:45:37',0),(392,7,1,'怎么说么',1,1,'2026-05-15 02:45:37',0),(393,7,1,'怎么说',1,1,'2026-05-15 02:45:40',1),(394,7,1,'怎么说',1,1,'2026-05-15 02:45:40',0),(395,7,1,'哈哈哈',1,1,'2026-05-15 02:55:44',0),(396,7,1,'哈哈哈',1,1,'2026-05-15 02:55:44',0),(397,7,1,'哈哈哈',1,1,'2026-05-15 02:55:48',0),(398,7,1,'哈哈哈',1,1,'2026-05-15 02:55:48',0),(399,7,24,'哎哟',1,1,'2026-05-15 02:56:00',0),(400,7,1,'？',1,1,'2026-05-15 02:56:06',0),(401,7,1,'？',1,1,'2026-05-15 02:56:06',0),(402,7,1,'怎么收不到信息',1,1,'2026-05-15 02:56:12',0),(403,7,1,'怎么收不到信息',1,1,'2026-05-15 02:56:13',1),(404,7,1,'你好',1,1,'2026-05-15 03:03:30',0),(405,7,1,'你好',1,1,'2026-05-15 03:03:30',0),(406,7,24,'？',1,1,'2026-05-15 03:03:36',0),(407,7,1,'？',1,1,'2026-05-15 03:03:42',0),(408,7,1,'？',1,1,'2026-05-15 03:03:42',0),(409,7,24,'啊哈',1,1,'2026-05-15 03:03:49',0),(410,7,1,'不显示？',1,1,'2026-05-15 03:04:02',0),(411,7,1,'不显示？',1,1,'2026-05-15 03:04:02',0),(412,7,1,'？',1,1,'2026-05-15 03:11:42',0),(413,7,1,'哈哈哈哈',1,1,'2026-05-15 03:11:44',0),(414,7,1,'/uploads/1778785908764-i03q1a.jpg',2,1,'2026-05-15 03:11:50',0),(415,7,1,'/uploads/1778785921678-s4kbqy.jpg',2,1,'2026-05-15 03:12:02',0),(416,7,1,'哈哈哈',1,1,'2026-05-15 03:18:11',0),(417,7,1,'怎么说',1,1,'2026-05-15 03:18:15',0),(418,7,1,'能看到吗',1,1,'2026-05-15 03:18:18',0),(419,7,1,'哎哟',1,1,'2026-05-15 03:18:22',0),(420,7,1,'还不错啊',1,1,'2026-05-15 03:18:24',0),(421,7,1,'哈哈哈哈',1,1,'2026-05-15 03:18:28',1),(422,7,1,'确实挺不错啊',1,1,'2026-05-15 03:19:15',0),(423,7,1,'哎哟',1,1,'2026-05-15 03:19:20',0),(424,7,1,'好',1,1,'2026-05-15 03:19:47',0),(425,7,1,'哈哈哈',1,1,'2026-05-15 03:19:51',0),(426,7,24,'hhh',1,1,'2026-05-15 03:19:56',0),(427,7,1,'哎哟',1,1,'2026-05-15 03:21:01',0),(428,7,1,'怎么回事',1,1,'2026-05-15 03:21:15',0),(429,7,24,'哈哈哈',1,1,'2026-05-15 03:42:43',0),(430,7,24,'哈哈哈',1,1,'2026-05-15 03:42:50',0),(431,7,24,'哈哈哈',1,1,'2026-05-15 03:42:54',0),(432,7,1,'？',1,1,'2026-05-15 03:43:06',0),(433,7,1,'？',1,1,'2026-05-15 03:46:20',0),(434,6,1,'哈哈哈',1,1,'2026-05-15 04:05:53',0),(435,7,1,'你好',1,1,'2026-05-15 04:43:12',1),(436,7,1,'你好',1,1,'2026-05-15 04:43:27',0),(437,1,1,'/uploads/1778793133670-lx28y2.jpg',2,1,'2026-05-15 05:12:14',0),(438,1,1,'咳咳',1,1,'2026-05-15 05:12:17',0),(439,1,1,'实现了',1,1,'2026-05-15 05:12:20',0),(440,1,1,'好丝滑啊',1,1,'2026-05-15 05:12:28',0),(441,1,1,'/uploads/1778793166279-fdstt7.jpg',2,1,'2026-05-15 05:12:47',0),(442,1,1,'这种效果',1,1,'2026-05-15 05:12:50',1),(443,1,1,'哈哈哈',1,1,'2026-05-15 05:13:25',1),(444,1,1,'还挺流畅',1,1,'2026-05-15 05:13:32',0),(445,1,1,'wc',1,1,'2026-05-15 05:13:34',0),(446,1,1,'哈哈哈',1,1,'2026-05-15 05:28:58',0),(447,1,1,'？',1,1,'2026-05-15 05:29:02',0),(448,1,1,'哈哈哈',1,1,'2026-05-15 05:48:51',0),(449,1,1,'哈哈哈',1,1,'2026-05-15 05:48:55',1),(450,1,1,'怎么说？',1,1,'2026-05-15 06:16:21',0),(451,1,1,'哈哈哈',1,1,'2026-05-15 06:49:50',0),(452,7,1,'你好',1,1,'2026-05-15 07:13:35',0),(453,7,1,'哈哈哈',1,1,'2026-05-15 07:13:39',0),(454,7,1,'你在干嘛呢？',1,1,'2026-05-15 07:13:45',0),(455,7,1,'哈哈哈',1,1,'2026-05-15 07:59:57',0),(456,7,1,'哈哈哈',1,1,'2026-05-15 08:31:07',0),(457,7,1,'哈哈哈',1,1,'2026-05-15 08:31:10',0),(458,7,1,'enen',1,1,'2026-05-15 09:16:23',0),(459,1,5,'???',1,1,'2026-05-15 09:28:07',0),(460,1,5,'666',1,1,'2026-05-15 09:28:14',0),(461,1,24,'我已经重构好了',1,1,'2026-05-15 12:49:50',0),(462,1,24,'来来来',1,1,'2026-05-15 12:50:00',0),(463,1,24,'更新吧',1,1,'2026-05-15 12:50:02',0),(464,7,24,'真的不错啊',1,1,'2026-05-15 12:54:12',0),(465,7,24,'这UI',1,1,'2026-05-15 12:54:18',0),(466,7,1,'对啊',1,1,'2026-05-15 13:05:09',0),(467,7,1,'还不错吧',1,1,'2026-05-15 13:05:14',0),(468,7,24,'你觉得咋样呢',1,1,'2026-05-15 13:05:33',0),(469,7,24,'还可以啊',1,1,'2026-05-15 13:05:39',0),(470,7,1,'我觉得还可以',1,1,'2026-05-15 13:05:47',1),(471,1,5,'666',1,1,'2026-05-15 14:26:58',0),(472,1,5,'之前那个删了吗',1,1,'2026-05-15 14:27:55',0),(473,1,1,'怎么说',1,1,'2026-05-15 17:40:06',0),(474,1,1,'丝滑不',1,1,'2026-05-15 17:40:11',0),(475,1,5,'可以',1,1,'2026-05-15 17:49:20',0),(476,1,5,'侧面还可以滑动',1,1,'2026-05-15 17:49:28',0),(477,1,5,'???',1,1,'2026-05-15 17:49:49',0),(478,1,1,'包的',1,1,'2026-05-15 18:13:57',0),(479,1,1,'微信聊天还需要优化',1,1,'2026-05-15 18:14:06',0),(480,1,1,'这就是原生开发',1,1,'2026-05-15 18:14:29',0),(481,1,1,'怎么说',1,1,'2026-05-15 19:20:18',0),(482,1,1,'流畅不',1,1,'2026-05-15 19:20:22',0),(483,7,1,'哈哈哈',1,1,'2026-05-15 19:48:52',1),(484,1,5,'流畅',1,1,'2026-05-15 19:50:21',0),(485,9,24,'煞笔',1,1,'2026-05-15 20:19:26',0),(486,9,5,'cnm',1,1,'2026-05-15 20:19:35',0),(487,9,24,'sb',1,1,'2026-05-15 20:19:45',1),(488,9,5,'cnm',1,1,'2026-05-15 20:19:49',1),(489,9,24,'。',1,1,'2026-05-15 20:19:53',1),(490,9,24,'/uploads/1778847617700-q5puom.jpg',2,1,'2026-05-15 20:20:19',1),(491,9,24,'咳咳咳',1,1,'2026-05-15 20:20:38',1),(492,7,24,'admin',1,1,'2026-05-15 20:22:36',0),(493,7,24,'M',1,1,'2026-05-15 20:28:49',1),(494,7,1,'哈哈哈',1,1,'2026-05-16 09:35:01',0),(495,7,1,'哈哈哈',1,1,'2026-05-16 09:35:05',0),(496,7,1,'哈哈哈',1,1,'2026-05-16 09:56:30',0),(497,7,24,'哈哈哈哈',1,1,'2026-05-16 09:58:50',0),(498,7,24,'怎么说',1,1,'2026-05-16 09:58:53',0),(499,7,1,'还可以吧',1,1,'2026-05-16 09:59:02',0),(500,7,1,'你觉得？',1,1,'2026-05-16 09:59:07',0),(501,7,24,'哈哈哈',1,1,'2026-05-16 09:59:31',1),(502,7,24,'怎么说',1,1,'2026-05-16 09:59:42',0),(503,7,24,'哈哈哈',1,1,'2026-05-16 10:00:10',0),(504,7,24,'1',1,1,'2026-05-16 10:00:28',0),(505,7,24,'555',1,1,'2026-05-16 10:00:34',0),(506,1,1,'新版本会更加丝滑',1,1,'2026-05-16 10:01:22',0),(507,1,1,'我已经用上了',1,1,'2026-05-16 10:01:29',0),(508,7,1,'？',1,1,'2026-05-16 12:27:53',1),(509,7,1,'您好',1,1,'2026-05-16 12:30:45',0),(510,1,5,'666',1,1,'2026-05-16 15:33:01',0),(511,1,5,'看的我评论吗',1,1,'2026-05-16 15:33:06',0),(512,1,1,'看得到',1,1,'2026-05-16 15:54:29',0),(513,1,1,'/uploads/1778918073051-f2dccc.jpg',2,1,'2026-05-16 15:54:34',0),(514,1,1,'/uploads/1778918105312-te2y1w.jpg',2,1,'2026-05-16 15:55:06',0),(515,1,1,'还是Claude code好用',1,1,'2026-05-16 15:55:15',0),(516,1,1,'trea写不出来',1,1,'2026-05-16 15:55:21',0),(517,1,1,'废物trea',1,1,'2026-05-16 15:55:26',0),(518,1,5,'666',1,1,'2026-05-16 16:44:31',0),(519,1,1,'你在6什么',1,1,'2026-05-16 17:26:44',0),(520,1,1,'6你老豆',1,1,'2026-05-16 17:26:50',0),(521,1,5,'发点片看',1,1,'2026-05-16 19:32:03',0),(522,1,5,'我张宇杰细狗要看片',1,1,'2026-05-16 19:32:27',0),(523,1,5,'??',1,1,'2026-05-16 19:32:35',0);
/*!40000 ALTER TABLE `chat_messages` ENABLE KEYS */;
UNLOCK TABLES;

--
-- Table structure for table `collects`
--

DROP TABLE IF EXISTS `collects`;
/*!40101 SET @saved_cs_client     = @@character_set_client */;
/*!40101 SET character_set_client = utf8 */;
CREATE TABLE `collects` (
  `id` int(10) unsigned NOT NULL AUTO_INCREMENT,
  `user_id` int(10) unsigned NOT NULL,
  `post_id` int(10) unsigned NOT NULL,
  `created_at` datetime NOT NULL DEFAULT CURRENT_TIMESTAMP,
  PRIMARY KEY (`id`),
  UNIQUE KEY `uk_user_post` (`user_id`,`post_id`)
) ENGINE=InnoDB AUTO_INCREMENT=12 DEFAULT CHARSET=utf8mb4 COLLATE=utf8mb4_unicode_ci;
/*!40101 SET character_set_client = @saved_cs_client */;

--
-- Dumping data for table `collects`
--

LOCK TABLES `collects` WRITE;
/*!40000 ALTER TABLE `collects` DISABLE KEYS */;
/*!40000 ALTER TABLE `collects` ENABLE KEYS */;
UNLOCK TABLES;

--
-- Table structure for table `comments`
--

DROP TABLE IF EXISTS `comments`;
/*!40101 SET @saved_cs_client     = @@character_set_client */;
/*!40101 SET character_set_client = utf8 */;
CREATE TABLE `comments` (
  `id` int(10) unsigned NOT NULL AUTO_INCREMENT,
  `post_id` int(10) unsigned NOT NULL,
  `user_id` int(10) unsigned NOT NULL,
  `parent_id` int(10) unsigned DEFAULT NULL COMMENT '父评论ID，NULL为顶级评论',
  `content` varchar(500) COLLATE utf8mb4_unicode_ci NOT NULL,
  `image_url` varchar(500) COLLATE utf8mb4_unicode_ci DEFAULT '',
  `likes_count` int(10) unsigned NOT NULL DEFAULT '0',
  `status` tinyint(4) NOT NULL DEFAULT '1',
  `created_at` datetime NOT NULL DEFAULT CURRENT_TIMESTAMP,
  `location` varchar(100) COLLATE utf8mb4_unicode_ci DEFAULT '' COMMENT 'IP属地',
  `is_pinned` tinyint(4) NOT NULL DEFAULT '0' COMMENT '0普通 1置顶',
  PRIMARY KEY (`id`),
  KEY `idx_post` (`post_id`),
  KEY `idx_user` (`user_id`),
  KEY `idx_parent` (`parent_id`),
  CONSTRAINT `comments_ibfk_1` FOREIGN KEY (`post_id`) REFERENCES `posts` (`id`) ON DELETE CASCADE,
  CONSTRAINT `comments_ibfk_2` FOREIGN KEY (`user_id`) REFERENCES `users` (`id`) ON DELETE CASCADE
) ENGINE=InnoDB AUTO_INCREMENT=63 DEFAULT CHARSET=utf8mb4 COLLATE=utf8mb4_unicode_ci;
/*!40101 SET character_set_client = @saved_cs_client */;

--
-- Dumping data for table `comments`
--

LOCK TABLES `comments` WRITE;
/*!40000 ALTER TABLE `comments` DISABLE KEYS */;
INSERT INTO `comments` VALUES (1,1,5,NULL,'666','',0,1,'2026-05-12 10:39:09','',0),(2,1,1,1,'怎么说?','',0,1,'2026-05-12 10:41:10','',0),(3,2,1,NULL,'测试','',0,1,'2026-05-12 10:48:34','',0),(4,3,1,NULL,'666','',0,1,'2026-05-12 19:25:57','',0),(5,12,1,NULL,'第一！','',0,1,'2026-05-13 08:33:33','',0),(6,12,24,NULL,'挺不错啊','',1,1,'2026-05-13 08:52:49','',0),(7,12,1,6,'？','',0,1,'2026-05-13 08:53:18','',0),(8,6,24,NULL,'哈哈哈','',0,1,'2026-05-13 18:27:11','湖北·武汉',0),(10,13,24,NULL,'哈哈哈','',0,1,'2026-05-13 18:30:36','湖北·武汉',0),(15,13,1,NULL,'哈哈哈','',0,1,'2026-05-13 19:12:18','湖北·武汉',0),(16,2,1,NULL,'？','',0,1,'2026-05-13 22:33:54','湖北·武汉',0),(17,14,1,NULL,'第一','',0,1,'2026-05-13 22:52:49','湖北·武汉',0),(18,14,1,17,'哈哈哈','',0,1,'2026-05-14 23:47:32','湖北·武汉',0),(19,15,1,NULL,'哈哈哈','',0,1,'2026-05-16 12:52:29','湖北·武汉',0),(20,15,1,NULL,'哈哈哈','',0,1,'2026-05-16 12:52:30','湖北·武汉',0),(21,14,1,NULL,'哈哈哈','/uploads/1778907323447-1hdraa.jpg',0,1,'2026-05-16 12:55:29','湖北·武汉',0);
/*!40000 ALTER TABLE `comments` ENABLE KEYS */;
UNLOCK TABLES;

--
-- Table structure for table `follows`
--

DROP TABLE IF EXISTS `follows`;
/*!40101 SET @saved_cs_client     = @@character_set_client */;
/*!40101 SET character_set_client = utf8 */;
CREATE TABLE `follows` (
  `id` int(10) unsigned NOT NULL AUTO_INCREMENT,
  `follower_id` int(10) unsigned NOT NULL,
  `following_id` int(10) unsigned NOT NULL,
  `created_at` datetime NOT NULL DEFAULT CURRENT_TIMESTAMP,
  PRIMARY KEY (`id`),
  UNIQUE KEY `uk_follower_following` (`follower_id`,`following_id`)
) ENGINE=InnoDB AUTO_INCREMENT=26 DEFAULT CHARSET=utf8mb4 COLLATE=utf8mb4_unicode_ci;
/*!40101 SET character_set_client = @saved_cs_client */;

--
-- Dumping data for table `follows`
--

LOCK TABLES `follows` WRITE;
/*!40000 ALTER TABLE `follows` DISABLE KEYS */;
INSERT INTO `follows` VALUES (4,6,1,'2026-05-12 19:03:37'),(18,1,5,'2026-05-15 19:25:23'),(19,1,6,'2026-05-15 19:25:28'),(25,5,1,'2026-05-16 15:28:43');
/*!40000 ALTER TABLE `follows` ENABLE KEYS */;
UNLOCK TABLES;

--
-- Table structure for table `likes`
--

DROP TABLE IF EXISTS `likes`;
/*!40101 SET @saved_cs_client     = @@character_set_client */;
/*!40101 SET character_set_client = utf8 */;
CREATE TABLE `likes` (
  `id` int(10) unsigned NOT NULL AUTO_INCREMENT,
  `user_id` int(10) unsigned NOT NULL,
  `target_id` int(10) unsigned NOT NULL,
  `target_type` tinyint(4) NOT NULL COMMENT '1帖子 2评论',
  `created_at` datetime NOT NULL DEFAULT CURRENT_TIMESTAMP,
  PRIMARY KEY (`id`),
  UNIQUE KEY `uk_user_target` (`user_id`,`target_id`,`target_type`),
  KEY `idx_target` (`target_id`,`target_type`)
) ENGINE=InnoDB AUTO_INCREMENT=96 DEFAULT CHARSET=utf8mb4 COLLATE=utf8mb4_unicode_ci;
/*!40101 SET character_set_client = @saved_cs_client */;

--
-- Dumping data for table `likes`
--

LOCK TABLES `likes` WRITE;
/*!40000 ALTER TABLE `likes` DISABLE KEYS */;
INSERT INTO `likes` VALUES (1,5,1,1,'2026-05-12 10:46:49'),(13,24,12,1,'2026-05-13 08:54:16'),(64,1,6,2,'2026-05-14 23:49:42');
/*!40000 ALTER TABLE `likes` ENABLE KEYS */;
UNLOCK TABLES;

--
-- Table structure for table `mentions`
--

DROP TABLE IF EXISTS `mentions`;
/*!40101 SET @saved_cs_client     = @@character_set_client */;
/*!40101 SET character_set_client = utf8 */;
CREATE TABLE `mentions` (
  `id` int(10) unsigned NOT NULL AUTO_INCREMENT,
  `from_user_id` int(10) unsigned NOT NULL,
  `to_user_id` int(10) unsigned NOT NULL,
  `target_id` int(10) unsigned NOT NULL,
  `target_type` tinyint(4) NOT NULL COMMENT '1帖子 2评论',
  `created_at` datetime NOT NULL DEFAULT CURRENT_TIMESTAMP,
  PRIMARY KEY (`id`),
  KEY `idx_to_user` (`to_user_id`)
) ENGINE=InnoDB DEFAULT CHARSET=utf8mb4 COLLATE=utf8mb4_unicode_ci;
/*!40101 SET character_set_client = @saved_cs_client */;

--
-- Dumping data for table `mentions`
--

LOCK TABLES `mentions` WRITE;
/*!40000 ALTER TABLE `mentions` DISABLE KEYS */;
/*!40000 ALTER TABLE `mentions` ENABLE KEYS */;
UNLOCK TABLES;

--
-- Table structure for table `messages`
--

DROP TABLE IF EXISTS `messages`;
/*!40101 SET @saved_cs_client     = @@character_set_client */;
/*!40101 SET character_set_client = utf8 */;
CREATE TABLE `messages` (
  `id` int(10) unsigned NOT NULL AUTO_INCREMENT,
  `from_user_id` int(10) unsigned NOT NULL,
  `to_user_id` int(10) unsigned NOT NULL,
  `type` tinyint(4) NOT NULL COMMENT '1赞 2评论 3关注 4系统 5@提及 6收藏',
  `content` varchar(200) COLLATE utf8mb4_unicode_ci DEFAULT '',
  `target_id` int(10) unsigned DEFAULT NULL,
  `is_read` tinyint(4) NOT NULL DEFAULT '0',
  `created_at` datetime NOT NULL DEFAULT CURRENT_TIMESTAMP,
  PRIMARY KEY (`id`),
  KEY `idx_to_user` (`to_user_id`,`is_read`),
  KEY `idx_created` (`created_at`)
) ENGINE=InnoDB AUTO_INCREMENT=691 DEFAULT CHARSET=utf8mb4 COLLATE=utf8mb4_unicode_ci;
/*!40101 SET character_set_client = @saved_cs_client */;

--
-- Dumping data for table `messages`
--

LOCK TABLES `messages` WRITE;
/*!40000 ALTER TABLE `messages` DISABLE KEYS */;
INSERT INTO `messages` VALUES (1,5,1,3,'关注了你',NULL,1,'2026-05-12 10:33:40'),(2,1,5,4,'发来了一条私信',1,1,'2026-05-12 10:34:19'),(3,1,5,3,'关注了你',NULL,1,'2026-05-12 10:35:39'),(4,1,5,4,'发来了一条私信',1,1,'2026-05-12 10:36:24'),(5,5,1,4,'发来了一条私信',1,1,'2026-05-12 10:36:26'),(6,1,5,4,'发来了一条私信',1,1,'2026-05-12 10:36:36'),(7,1,5,4,'发来了一条私信',1,1,'2026-05-12 10:36:43'),(8,1,5,4,'发来了一条私信',1,1,'2026-05-12 10:36:51'),(9,1,5,4,'发来了一条私信',1,1,'2026-05-12 10:37:05'),(10,1,5,4,'发来了一条私信',1,1,'2026-05-12 10:37:11'),(11,5,1,4,'发来了一条私信',1,1,'2026-05-12 10:37:36'),(12,1,5,4,'发来了一条私信',1,1,'2026-05-12 10:38:39'),(13,1,5,4,'发来了一条私信',1,1,'2026-05-12 10:38:44'),(14,5,1,2,'评论了你的笔记',1,1,'2026-05-12 10:39:09'),(15,1,5,2,'回复了你的评论',1,1,'2026-05-12 10:41:10'),(16,5,1,1,'赞了你的笔记',1,1,'2026-05-12 10:46:49'),(17,1,5,2,'评论了你的笔记',2,1,'2026-05-12 10:48:34'),(18,5,1,3,'关注了你',NULL,1,'2026-05-12 10:51:23'),(19,6,1,3,'关注了你',NULL,1,'2026-05-12 19:03:37'),(20,1,6,4,'发来了一条私信',2,1,'2026-05-12 19:04:13'),(21,6,1,4,'发来了一条私信',2,1,'2026-05-12 19:05:15'),(22,1,6,4,'发来了一条私信',2,1,'2026-05-12 19:05:40'),(23,1,6,4,'发来了一条私信',2,1,'2026-05-12 19:05:41'),(24,1,6,3,'关注了你',NULL,1,'2026-05-12 19:06:33'),(25,1,6,2,'评论了你的笔记',3,1,'2026-05-12 19:25:57'),(26,1,6,4,'发来了一条私信',2,1,'2026-05-12 19:29:03'),(27,1,5,4,'发来了一条私信',3,1,'2026-05-12 19:30:14'),(28,1,6,4,'发来了一条私信',3,1,'2026-05-12 19:30:14'),(29,1,6,4,'发来了一条私信',2,1,'2026-05-12 22:25:49'),(30,1,5,4,'发来了一条私信',1,1,'2026-05-12 22:25:59'),(31,6,1,4,'发来了一条私信',2,1,'2026-05-12 22:30:45'),(32,1,6,4,'发来了一条私信',2,0,'2026-05-12 22:32:10'),(33,1,5,4,'发来了一条私信',3,1,'2026-05-12 22:42:00'),(34,1,6,4,'发来了一条私信',3,0,'2026-05-12 22:42:00'),(35,1,6,4,'发来了一条私信',2,0,'2026-05-12 22:48:34'),(36,5,1,4,'发来了一条私信',1,1,'2026-05-12 22:50:07'),(37,1,5,4,'发来了一条私信',1,1,'2026-05-12 22:52:13'),(38,1,5,4,'发来了一条私信',1,1,'2026-05-12 22:52:20'),(39,5,1,4,'发来了一条私信',1,1,'2026-05-12 22:53:20'),(40,5,1,4,'发来了一条私信',1,1,'2026-05-12 22:53:20'),(41,1,5,4,'发来了一条私信',1,1,'2026-05-12 22:54:11'),(42,1,5,4,'发来了一条私信',1,1,'2026-05-12 22:54:20'),(43,5,1,4,'发来了一条私信',1,1,'2026-05-12 22:57:56'),(44,1,5,4,'发来了一条私信',1,1,'2026-05-12 22:58:12'),(45,5,1,3,'关注了你',NULL,1,'2026-05-12 22:58:18'),(46,5,1,3,'关注了你',NULL,1,'2026-05-12 22:58:33'),(47,1,5,4,'发来了一条私信',1,1,'2026-05-12 22:58:34'),(48,1,5,4,'发来了一条私信',1,1,'2026-05-12 22:58:36'),(49,5,1,4,'发来了一条私信',1,1,'2026-05-12 22:58:45'),(50,1,5,4,'发来了一条私信',1,1,'2026-05-12 22:58:47'),(51,5,1,4,'发来了一条私信',1,1,'2026-05-12 22:59:12'),(52,5,1,4,'发来了一条私信',1,1,'2026-05-12 22:59:19'),(53,1,5,4,'发来了一条私信',1,1,'2026-05-12 22:59:31'),(54,1,5,4,'发来了一条私信',1,1,'2026-05-12 22:59:34'),(55,1,5,4,'发来了一条私信',1,1,'2026-05-12 23:00:55'),(56,1,5,4,'发来了一条私信',1,1,'2026-05-12 23:01:35'),(57,5,1,4,'发来了一条私信',1,1,'2026-05-12 23:02:46'),(58,1,5,4,'发来了一条私信',1,1,'2026-05-12 23:03:01'),(59,1,5,4,'发来了一条私信',1,1,'2026-05-12 23:34:14'),(60,1,5,4,'发来了一条私信',1,1,'2026-05-12 23:39:10'),(61,1,5,4,'发来了一条私信',1,1,'2026-05-12 23:39:13'),(62,1,5,4,'发来了一条私信',1,1,'2026-05-12 23:49:35'),(63,1,5,4,'发来了一条私信',1,1,'2026-05-13 00:03:03'),(64,1,5,4,'发来了一条私信',1,1,'2026-05-13 00:10:43'),(65,1,6,3,'关注了你',NULL,1,'2026-05-13 00:17:16'),(66,1,6,3,'关注了你',NULL,1,'2026-05-13 00:17:18'),(67,1,5,4,'发来了一条私信',1,1,'2026-05-13 01:02:44'),(68,1,3,3,'关注了你',NULL,0,'2026-05-13 01:03:04'),(69,1,3,3,'关注了你',NULL,0,'2026-05-13 01:05:35'),(70,1,3,3,'关注了你',NULL,0,'2026-05-13 01:05:37'),(71,1,3,4,'发来了一条私信',5,0,'2026-05-13 01:43:08'),(72,1,3,4,'发来了一条私信',5,0,'2026-05-13 01:50:35'),(73,1,3,4,'发来了一条私信',5,0,'2026-05-13 01:52:42'),(74,1,3,4,'发来了一条私信',5,0,'2026-05-13 01:53:25'),(75,1,3,4,'发来了一条私信',5,0,'2026-05-13 01:56:39'),(76,1,3,4,'发来了一条私信',5,0,'2026-05-13 02:03:41'),(77,1,3,4,'发来了一条私信',5,0,'2026-05-13 02:14:39'),(78,1,3,4,'发来了一条私信',5,0,'2026-05-13 02:18:39'),(79,1,3,4,'发来了一条私信',5,0,'2026-05-13 02:24:24'),(80,1,3,4,'发来了一条私信',5,0,'2026-05-13 02:44:00'),(81,1,5,4,'发来了一条私信',6,1,'2026-05-13 03:26:40'),(82,1,6,4,'发来了一条私信',6,0,'2026-05-13 03:26:40'),(83,1,5,4,'发来了一条私信',6,1,'2026-05-13 04:27:53'),(84,1,6,4,'发来了一条私信',6,0,'2026-05-13 04:27:53'),(85,24,1,4,'发来了一条私信',6,1,'2026-05-13 04:33:19'),(86,24,5,4,'发来了一条私信',6,1,'2026-05-13 04:33:19'),(87,24,6,4,'发来了一条私信',6,0,'2026-05-13 04:33:19'),(88,24,1,4,'发来了一条私信',6,1,'2026-05-13 04:45:42'),(89,24,5,4,'发来了一条私信',6,1,'2026-05-13 04:45:42'),(90,24,6,4,'发来了一条私信',6,0,'2026-05-13 04:45:42'),(91,1,5,4,'发来了一条私信',6,1,'2026-05-13 04:45:52'),(92,1,6,4,'发来了一条私信',6,0,'2026-05-13 04:45:52'),(93,1,24,4,'发来了一条私信',6,1,'2026-05-13 04:45:52'),(94,1,5,4,'发来了一条私信',6,1,'2026-05-13 04:45:57'),(95,1,6,4,'发来了一条私信',6,0,'2026-05-13 04:45:57'),(96,1,24,4,'发来了一条私信',6,1,'2026-05-13 04:45:57'),(97,24,1,4,'发来了一条私信',6,1,'2026-05-13 04:54:49'),(98,24,5,4,'发来了一条私信',6,1,'2026-05-13 04:54:49'),(99,24,6,4,'发来了一条私信',6,0,'2026-05-13 04:54:49'),(100,1,5,4,'发来了一条私信',6,1,'2026-05-13 05:01:49'),(101,1,6,4,'发来了一条私信',6,0,'2026-05-13 05:01:49'),(102,1,24,4,'发来了一条私信',6,1,'2026-05-13 05:01:49'),(103,1,5,4,'发来了一条私信',1,1,'2026-05-13 08:24:16'),(104,1,5,4,'发来了一条私信',1,1,'2026-05-13 08:24:19'),(105,1,5,4,'发来了一条私信',6,1,'2026-05-13 08:26:30'),(106,1,6,4,'发来了一条私信',6,0,'2026-05-13 08:26:30'),(107,1,24,4,'发来了一条私信',6,1,'2026-05-13 08:26:30'),(108,1,5,4,'发来了一条私信',6,1,'2026-05-13 08:26:33'),(109,1,6,4,'发来了一条私信',6,0,'2026-05-13 08:26:33'),(110,1,24,4,'发来了一条私信',6,1,'2026-05-13 08:26:33'),(111,1,5,4,'发来了一条私信',6,1,'2026-05-13 08:50:37'),(112,1,6,4,'发来了一条私信',6,0,'2026-05-13 08:50:37'),(113,1,24,4,'发来了一条私信',6,1,'2026-05-13 08:50:37'),(114,24,1,4,'发来了一条私信',6,1,'2026-05-13 08:52:12'),(115,24,5,4,'发来了一条私信',6,1,'2026-05-13 08:52:12'),(116,24,6,4,'发来了一条私信',6,0,'2026-05-13 08:52:12'),(117,24,1,4,'发来了一条私信',6,1,'2026-05-13 08:52:21'),(118,24,5,4,'发来了一条私信',6,1,'2026-05-13 08:52:21'),(119,24,6,4,'发来了一条私信',6,0,'2026-05-13 08:52:21'),(120,24,1,2,'评论了你的笔记',12,1,'2026-05-13 08:52:49'),(121,1,24,2,'回复了你的评论',12,1,'2026-05-13 08:53:18'),(122,24,1,1,'赞了你的笔记',12,1,'2026-05-13 08:54:16'),(123,1,5,4,'发来了一条私信',1,1,'2026-05-13 09:08:49'),(124,1,5,4,'发来了一条私信',1,1,'2026-05-13 09:10:03'),(125,5,1,4,'发来了一条私信',1,1,'2026-05-13 09:10:47'),(126,1,5,4,'发来了一条私信',1,1,'2026-05-13 09:11:07'),(127,1,5,4,'发来了一条私信',1,1,'2026-05-13 09:11:10'),(128,5,1,4,'发来了一条私信',1,1,'2026-05-13 09:11:45'),(129,1,5,4,'发来了一条私信',1,1,'2026-05-13 09:12:29'),(130,1,5,4,'发来了一条私信',1,1,'2026-05-13 09:12:35'),(131,1,5,4,'发来了一条私信',1,1,'2026-05-13 09:13:09'),(132,5,1,4,'发来了一条私信',1,1,'2026-05-13 09:13:11'),(133,1,5,4,'发来了一条私信',1,1,'2026-05-13 09:13:19'),(134,5,1,4,'发来了一条私信',1,1,'2026-05-13 09:14:21'),(135,1,5,4,'发来了一条私信',1,1,'2026-05-13 09:14:38'),(136,1,5,4,'发来了一条私信',1,1,'2026-05-13 09:14:42'),(137,1,5,4,'发来了一条私信',1,1,'2026-05-13 09:14:57'),(138,1,5,4,'发来了一条私信',1,1,'2026-05-13 09:15:06'),(139,5,1,4,'发来了一条私信',1,1,'2026-05-13 09:15:08'),(140,1,5,4,'发来了一条私信',1,1,'2026-05-13 09:15:13'),(141,1,5,4,'发来了一条私信',1,1,'2026-05-13 09:15:22'),(142,1,5,4,'发来了一条私信',1,1,'2026-05-13 09:15:25'),(143,1,5,4,'发来了一条私信',1,1,'2026-05-13 09:15:37'),(144,5,1,4,'发来了一条私信',1,1,'2026-05-13 09:15:50'),(145,1,5,4,'发来了一条私信',1,1,'2026-05-13 09:15:51'),(146,1,5,4,'发来了一条私信',1,1,'2026-05-13 09:16:01'),(147,1,5,4,'发来了一条私信',1,1,'2026-05-13 09:16:13'),(148,1,5,4,'发来了一条私信',1,1,'2026-05-13 09:16:27'),(149,5,1,4,'发来了一条私信',1,1,'2026-05-13 09:16:44'),(150,1,5,4,'发来了一条私信',6,1,'2026-05-13 09:16:48'),(151,1,6,4,'发来了一条私信',6,0,'2026-05-13 09:16:48'),(152,1,24,4,'发来了一条私信',6,1,'2026-05-13 09:16:48'),(153,5,1,4,'发来了一条私信',1,1,'2026-05-13 09:16:54'),(154,1,5,4,'发来了一条私信',6,1,'2026-05-13 09:16:55'),(155,1,6,4,'发来了一条私信',6,0,'2026-05-13 09:16:55'),(156,1,24,4,'发来了一条私信',6,1,'2026-05-13 09:16:55'),(157,5,1,4,'发来了一条私信',1,1,'2026-05-13 09:16:59'),(158,1,5,4,'发来了一条私信',1,1,'2026-05-13 09:17:25'),(159,1,5,4,'发来了一条私信',1,1,'2026-05-13 09:17:28'),(160,1,5,4,'发来了一条私信',1,1,'2026-05-13 09:17:36'),(161,5,1,4,'发来了一条私信',6,1,'2026-05-13 09:17:41'),(162,5,6,4,'发来了一条私信',6,0,'2026-05-13 09:17:41'),(163,5,24,4,'发来了一条私信',6,1,'2026-05-13 09:17:41'),(164,1,5,4,'发来了一条私信',6,1,'2026-05-13 09:17:49'),(165,1,6,4,'发来了一条私信',6,0,'2026-05-13 09:17:49'),(166,1,24,4,'发来了一条私信',6,1,'2026-05-13 09:17:49'),(167,1,5,4,'发来了一条私信',6,1,'2026-05-13 09:17:58'),(168,1,6,4,'发来了一条私信',6,0,'2026-05-13 09:17:58'),(169,1,24,4,'发来了一条私信',6,1,'2026-05-13 09:17:58'),(170,1,5,4,'发来了一条私信',6,1,'2026-05-13 09:18:09'),(171,1,6,4,'发来了一条私信',6,0,'2026-05-13 09:18:09'),(172,1,24,4,'发来了一条私信',6,1,'2026-05-13 09:18:09'),(173,1,5,4,'发来了一条私信',6,1,'2026-05-13 09:18:12'),(174,1,6,4,'发来了一条私信',6,0,'2026-05-13 09:18:12'),(175,1,24,4,'发来了一条私信',6,1,'2026-05-13 09:18:12'),(176,5,1,4,'发来了一条私信',1,1,'2026-05-13 09:18:21'),(177,5,1,4,'发来了一条私信',1,1,'2026-05-13 09:18:29'),(178,5,1,4,'发来了一条私信',1,1,'2026-05-13 09:18:38'),(179,1,5,4,'发来了一条私信',1,1,'2026-05-13 09:18:41'),(180,1,5,4,'发来了一条私信',1,1,'2026-05-13 09:18:46'),(181,1,5,4,'发来了一条私信',1,1,'2026-05-13 09:18:51'),(182,1,5,4,'发来了一条私信',1,1,'2026-05-13 09:19:01'),(183,5,1,4,'发来了一条私信',1,1,'2026-05-13 09:20:43'),(184,1,5,4,'发来了一条私信',1,1,'2026-05-13 09:21:06'),(185,1,5,4,'发来了一条私信',1,1,'2026-05-13 09:21:08'),(186,1,5,4,'发来了一条私信',1,1,'2026-05-13 09:21:17'),(187,1,5,4,'发来了一条私信',1,1,'2026-05-13 09:21:30'),(188,1,5,4,'发来了一条私信',1,1,'2026-05-13 09:21:38'),(189,5,1,4,'发来了一条私信',1,1,'2026-05-13 09:22:26'),(190,5,1,4,'发来了一条私信',1,1,'2026-05-13 09:22:46'),(191,1,5,4,'发来了一条私信',1,1,'2026-05-13 09:22:50'),(192,1,5,4,'发来了一条私信',1,1,'2026-05-13 09:22:52'),(193,1,5,4,'发来了一条私信',1,1,'2026-05-13 09:22:54'),(194,1,5,4,'发来了一条私信',1,1,'2026-05-13 09:23:02'),(195,5,1,4,'发来了一条私信',1,1,'2026-05-13 09:23:19'),(196,1,5,4,'发来了一条私信',1,1,'2026-05-13 09:23:20'),(197,5,1,4,'发来了一条私信',1,1,'2026-05-13 09:23:27'),(198,1,5,4,'发来了一条私信',1,1,'2026-05-13 09:23:46'),(199,5,1,4,'发来了一条私信',1,1,'2026-05-13 09:23:52'),(200,1,5,4,'发来了一条私信',1,1,'2026-05-13 09:23:53'),(201,5,1,4,'发来了一条私信',1,1,'2026-05-13 09:23:58'),(202,1,5,4,'发来了一条私信',1,1,'2026-05-13 09:24:05'),(203,1,5,4,'发来了一条私信',1,1,'2026-05-13 09:24:16'),(204,1,5,4,'发来了一条私信',1,1,'2026-05-13 09:24:18'),(205,1,5,4,'发来了一条私信',1,1,'2026-05-13 09:24:28'),(206,5,1,4,'发来了一条私信',1,1,'2026-05-13 09:24:51'),(207,5,1,4,'发来了一条私信',1,1,'2026-05-13 09:25:05'),(208,1,5,4,'发来了一条私信',1,1,'2026-05-13 09:26:26'),(209,1,5,4,'发来了一条私信',1,1,'2026-05-13 09:26:31'),(210,1,5,4,'发来了一条私信',1,1,'2026-05-13 09:26:35'),(211,1,5,4,'发来了一条私信',1,1,'2026-05-13 09:26:51'),(212,1,5,4,'发来了一条私信',1,1,'2026-05-13 09:26:54'),(213,5,1,4,'发来了一条私信',1,1,'2026-05-13 09:27:54'),(214,5,1,4,'发来了一条私信',1,1,'2026-05-13 09:28:05'),(215,1,5,4,'发来了一条私信',1,1,'2026-05-13 09:28:14'),(216,1,5,4,'发来了一条私信',1,1,'2026-05-13 09:28:19'),(217,5,1,4,'发来了一条私信',1,1,'2026-05-13 09:28:20'),(218,1,5,4,'发来了一条私信',1,1,'2026-05-13 09:28:23'),(219,1,5,4,'发来了一条私信',1,1,'2026-05-13 09:28:29'),(220,1,5,4,'发来了一条私信',1,1,'2026-05-13 09:28:34'),(221,5,1,4,'发来了一条私信',1,1,'2026-05-13 09:28:42'),(222,5,1,4,'发来了一条私信',1,1,'2026-05-13 09:28:52'),(223,1,5,4,'发来了一条私信',1,1,'2026-05-13 09:29:06'),(224,1,5,4,'发来了一条私信',1,1,'2026-05-13 09:29:11'),(225,5,1,4,'发来了一条私信',1,1,'2026-05-13 09:29:12'),(226,1,5,4,'发来了一条私信',1,1,'2026-05-13 09:29:22'),(227,1,5,4,'发来了一条私信',1,1,'2026-05-13 09:29:45'),(228,1,5,4,'发来了一条私信',1,1,'2026-05-13 09:29:53'),(229,1,5,4,'发来了一条私信',1,1,'2026-05-13 09:30:07'),(230,1,5,4,'发来了一条私信',1,1,'2026-05-13 09:30:24'),(231,5,1,4,'发来了一条私信',1,1,'2026-05-13 09:30:39'),(232,1,5,4,'发来了一条私信',1,1,'2026-05-13 09:31:09'),(233,1,5,4,'发来了一条私信',1,1,'2026-05-13 09:31:23'),(234,1,5,4,'发来了一条私信',1,1,'2026-05-13 09:31:26'),(235,5,1,4,'发来了一条私信',1,1,'2026-05-13 09:31:27'),(236,1,5,4,'发来了一条私信',1,1,'2026-05-13 09:32:00'),(237,1,5,4,'发来了一条私信',1,1,'2026-05-13 09:32:07'),(238,1,5,4,'发来了一条私信',1,1,'2026-05-13 09:32:18'),(239,1,5,4,'发来了一条私信',1,1,'2026-05-13 09:32:43'),(240,1,5,4,'发来了一条私信',1,1,'2026-05-13 09:32:48'),(241,5,1,4,'发来了一条私信',1,1,'2026-05-13 09:33:23'),(242,1,5,4,'发来了一条私信',1,1,'2026-05-13 09:34:04'),(243,1,5,4,'发来了一条私信',1,1,'2026-05-13 09:34:13'),(244,1,5,4,'发来了一条私信',1,1,'2026-05-13 09:34:24'),(245,5,1,4,'发来了一条私信',1,1,'2026-05-13 09:36:54'),(246,1,5,4,'发来了一条私信',1,1,'2026-05-13 09:37:16'),(247,5,1,4,'发来了一条私信',1,1,'2026-05-13 09:37:28'),(248,1,5,4,'发来了一条私信',1,1,'2026-05-13 09:37:43'),(249,1,5,4,'发来了一条私信',1,1,'2026-05-13 09:37:48'),(250,1,5,4,'发来了一条私信',1,1,'2026-05-13 09:38:03'),(251,1,5,4,'发来了一条私信',1,1,'2026-05-13 09:38:10'),(252,1,5,4,'发来了一条私信',1,1,'2026-05-13 09:38:24'),(253,5,1,4,'发来了一条私信',1,1,'2026-05-13 09:38:26'),(254,1,5,4,'发来了一条私信',1,1,'2026-05-13 09:38:41'),(255,5,1,4,'发来了一条私信',1,1,'2026-05-13 09:39:05'),(256,1,5,4,'发来了一条私信',1,1,'2026-05-13 09:39:19'),(257,1,5,4,'发来了一条私信',1,1,'2026-05-13 09:39:25'),(258,1,5,4,'发来了一条私信',1,1,'2026-05-13 09:39:27'),(259,5,1,4,'发来了一条私信',1,1,'2026-05-13 09:39:38'),(260,1,5,4,'发来了一条私信',1,1,'2026-05-13 09:39:40'),(261,1,5,4,'发来了一条私信',1,1,'2026-05-13 09:40:04'),(262,1,5,4,'发来了一条私信',1,1,'2026-05-13 09:40:23'),(263,1,5,4,'发来了一条私信',1,1,'2026-05-13 09:40:29'),(264,5,1,4,'发来了一条私信',1,1,'2026-05-13 09:40:53'),(265,1,5,4,'发来了一条私信',1,1,'2026-05-13 09:41:04'),(266,1,5,4,'发来了一条私信',1,1,'2026-05-13 09:41:11'),(267,1,5,4,'发来了一条私信',1,1,'2026-05-13 09:41:22'),(268,5,1,4,'发来了一条私信',1,1,'2026-05-13 09:41:24'),(269,1,5,4,'发来了一条私信',1,1,'2026-05-13 09:41:38'),(270,5,1,4,'发来了一条私信',1,1,'2026-05-13 09:41:40'),(271,1,5,4,'发来了一条私信',1,1,'2026-05-13 09:42:26'),(272,1,5,4,'发来了一条私信',1,1,'2026-05-13 09:42:33'),(273,5,1,4,'发来了一条私信',1,1,'2026-05-13 09:42:35'),(274,5,1,4,'发来了一条私信',1,1,'2026-05-13 09:42:40'),(275,1,5,4,'发来了一条私信',1,1,'2026-05-13 09:42:41'),(276,1,5,4,'发来了一条私信',1,1,'2026-05-13 09:42:48'),(277,1,5,4,'发来了一条私信',1,1,'2026-05-13 09:42:52'),(278,1,5,4,'发来了一条私信',1,1,'2026-05-13 09:42:54'),(279,1,5,4,'发来了一条私信',1,1,'2026-05-13 09:42:56'),(280,1,5,4,'发来了一条私信',1,1,'2026-05-13 09:42:57'),(281,1,5,4,'发来了一条私信',1,1,'2026-05-13 09:43:00'),(282,5,1,4,'发来了一条私信',1,1,'2026-05-13 09:43:01'),(283,1,5,4,'发来了一条私信',1,1,'2026-05-13 09:43:02'),(284,1,5,4,'发来了一条私信',1,1,'2026-05-13 09:43:03'),(285,1,5,4,'发来了一条私信',1,1,'2026-05-13 09:43:07'),(286,1,5,4,'发来了一条私信',1,1,'2026-05-13 09:43:14'),(287,5,1,4,'发来了一条私信',1,1,'2026-05-13 09:43:16'),(288,1,5,4,'发来了一条私信',1,1,'2026-05-13 09:43:18'),(289,1,5,4,'发来了一条私信',1,1,'2026-05-13 09:43:59'),(290,5,1,4,'发来了一条私信',1,1,'2026-05-13 09:45:39'),(291,1,5,4,'发来了一条私信',1,1,'2026-05-13 09:45:58'),(292,1,5,4,'发来了一条私信',1,1,'2026-05-13 09:46:00'),(293,1,5,4,'发来了一条私信',1,1,'2026-05-13 09:46:05'),(294,1,5,4,'发来了一条私信',1,1,'2026-05-13 09:46:12'),(295,1,5,4,'发来了一条私信',1,1,'2026-05-13 09:46:17'),(296,5,1,4,'发来了一条私信',1,1,'2026-05-13 09:46:23'),(297,5,1,4,'发来了一条私信',1,1,'2026-05-13 09:52:54'),(298,1,5,4,'发来了一条私信',1,1,'2026-05-13 09:53:25'),(299,5,1,4,'发来了一条私信',1,1,'2026-05-13 09:53:30'),(300,1,5,4,'发来了一条私信',1,1,'2026-05-13 09:54:02'),(301,1,5,4,'发来了一条私信',1,1,'2026-05-13 09:54:15'),(302,5,1,4,'发来了一条私信',1,1,'2026-05-13 09:54:25'),(303,1,6,4,'发来了一条私信',2,0,'2026-05-13 09:56:30'),(304,1,6,4,'发来了一条私信',2,0,'2026-05-13 09:56:33'),(305,1,6,4,'发来了一条私信',2,0,'2026-05-13 09:57:01'),(306,1,6,4,'发来了一条私信',2,0,'2026-05-13 09:57:02'),(307,6,1,4,'发来了一条私信',2,1,'2026-05-13 09:57:09'),(308,1,6,4,'发来了一条私信',2,0,'2026-05-13 09:57:10'),(309,1,6,4,'发来了一条私信',2,0,'2026-05-13 09:57:21'),(310,1,6,4,'发来了一条私信',2,0,'2026-05-13 09:57:24'),(311,1,6,4,'发来了一条私信',2,0,'2026-05-13 09:57:28'),(312,1,6,4,'发来了一条私信',2,0,'2026-05-13 09:57:33'),(313,1,6,4,'发来了一条私信',2,0,'2026-05-13 09:57:38'),(314,6,1,4,'发来了一条私信',2,1,'2026-05-13 09:58:33'),(315,1,6,4,'发来了一条私信',2,0,'2026-05-13 09:59:24'),(316,6,1,4,'发来了一条私信',2,1,'2026-05-13 09:59:26'),(317,1,6,4,'发来了一条私信',2,0,'2026-05-13 09:59:40'),(318,6,1,4,'发来了一条私信',2,1,'2026-05-13 09:59:52'),(319,1,6,4,'发来了一条私信',2,0,'2026-05-13 10:00:13'),(320,1,6,4,'发来了一条私信',2,0,'2026-05-13 10:00:20'),(321,6,1,4,'发来了一条私信',2,1,'2026-05-13 10:00:41'),(322,6,1,4,'发来了一条私信',2,1,'2026-05-13 10:01:19'),(323,1,6,4,'发来了一条私信',2,0,'2026-05-13 10:01:24'),(324,6,1,4,'发来了一条私信',2,1,'2026-05-13 10:01:31'),(325,1,6,4,'发来了一条私信',2,0,'2026-05-13 10:01:37'),(326,1,6,4,'发来了一条私信',2,0,'2026-05-13 10:01:41'),(327,1,6,4,'发来了一条私信',2,0,'2026-05-13 10:01:46'),(328,1,6,4,'发来了一条私信',2,0,'2026-05-13 10:01:57'),(329,1,6,4,'发来了一条私信',2,0,'2026-05-13 10:02:05'),(330,1,6,4,'发来了一条私信',2,0,'2026-05-13 10:02:29'),(331,1,6,4,'发来了一条私信',2,0,'2026-05-13 10:02:42'),(332,6,1,4,'发来了一条私信',2,1,'2026-05-13 10:02:44'),(333,6,1,4,'发来了一条私信',2,1,'2026-05-13 10:02:58'),(334,6,1,4,'发来了一条私信',2,1,'2026-05-13 10:03:33'),(335,1,6,4,'发来了一条私信',2,0,'2026-05-13 10:03:44'),(336,1,6,4,'发来了一条私信',2,0,'2026-05-13 10:03:50'),(337,1,6,4,'发来了一条私信',2,0,'2026-05-13 10:03:59'),(338,1,6,4,'发来了一条私信',2,0,'2026-05-13 10:04:11'),(339,1,6,4,'发来了一条私信',2,0,'2026-05-13 10:04:19'),(340,6,1,4,'发来了一条私信',2,1,'2026-05-13 10:04:23'),(341,1,6,4,'发来了一条私信',2,0,'2026-05-13 10:04:27'),(342,1,6,4,'发来了一条私信',2,0,'2026-05-13 10:04:34'),(343,1,6,4,'发来了一条私信',2,0,'2026-05-13 10:04:42'),(344,1,6,4,'发来了一条私信',2,0,'2026-05-13 10:04:44'),(345,6,1,4,'发来了一条私信',2,1,'2026-05-13 10:05:34'),(346,1,6,4,'发来了一条私信',2,0,'2026-05-13 10:06:33'),(347,1,6,4,'发来了一条私信',2,0,'2026-05-13 10:06:47'),(348,1,6,4,'发来了一条私信',2,0,'2026-05-13 10:06:54'),(349,1,6,4,'发来了一条私信',2,0,'2026-05-13 10:07:10'),(350,1,6,4,'发来了一条私信',2,0,'2026-05-13 10:07:16'),(351,1,6,4,'发来了一条私信',2,0,'2026-05-13 10:07:25'),(352,1,6,4,'发来了一条私信',2,0,'2026-05-13 10:07:27'),(353,1,6,4,'发来了一条私信',2,0,'2026-05-13 10:07:31'),(354,6,1,4,'发来了一条私信',2,1,'2026-05-13 10:28:49'),(355,1,6,4,'发来了一条私信',2,0,'2026-05-13 17:37:15'),(356,24,1,4,'发来了一条私信',7,1,'2026-05-13 17:45:15'),(357,29,1,4,'发来了一条私信',6,1,'2026-05-13 18:23:15'),(358,29,5,4,'发来了一条私信',6,1,'2026-05-13 18:23:15'),(359,29,6,4,'发来了一条私信',6,0,'2026-05-13 18:23:15'),(360,29,24,4,'发来了一条私信',6,1,'2026-05-13 18:23:15'),(361,1,29,4,'发来了一条私信',8,0,'2026-05-13 18:23:26'),(362,1,29,4,'发来了一条私信',8,0,'2026-05-13 18:23:28'),(363,29,1,4,'发来了一条私信',6,1,'2026-05-13 18:23:29'),(364,29,5,4,'发来了一条私信',6,1,'2026-05-13 18:23:29'),(365,29,6,4,'发来了一条私信',6,0,'2026-05-13 18:23:29'),(366,29,24,4,'发来了一条私信',6,1,'2026-05-13 18:23:29'),(367,1,29,4,'发来了一条私信',8,0,'2026-05-13 18:23:36'),(368,29,1,4,'发来了一条私信',8,1,'2026-05-13 18:24:06'),(369,1,29,4,'发来了一条私信',8,0,'2026-05-13 18:25:08'),(370,1,5,4,'发来了一条私信',6,1,'2026-05-13 18:25:13'),(371,1,6,4,'发来了一条私信',6,0,'2026-05-13 18:25:13'),(372,1,24,4,'发来了一条私信',6,1,'2026-05-13 18:25:13'),(373,1,29,4,'发来了一条私信',6,0,'2026-05-13 18:25:13'),(374,1,29,4,'发来了一条私信',8,0,'2026-05-13 18:25:27'),(375,1,29,4,'发来了一条私信',8,0,'2026-05-13 18:28:32'),(376,1,24,1,'赞了你的笔记',13,1,'2026-05-13 18:51:11'),(377,1,24,6,'收藏了你的笔记',13,1,'2026-05-13 18:53:07'),(378,1,24,6,'收藏了你的笔记',13,1,'2026-05-13 18:54:49'),(379,1,24,6,'收藏了你的笔记',13,1,'2026-05-13 18:54:52'),(380,1,24,2,'评论了你的笔记',13,1,'2026-05-13 18:58:04'),(381,1,24,2,'评论了你的笔记',13,1,'2026-05-13 18:58:33'),(382,1,24,2,'评论了你的笔记',13,1,'2026-05-13 19:07:07'),(383,1,24,2,'评论了你的笔记',13,1,'2026-05-13 19:10:00'),(384,1,24,2,'评论了你的笔记',13,1,'2026-05-13 19:12:18'),(385,1,24,1,'赞了你的笔记',13,1,'2026-05-13 19:28:06'),(386,1,6,1,'赞了你的笔记',3,1,'2026-05-13 20:14:51'),(387,1,24,1,'赞了你的笔记',13,1,'2026-05-13 20:14:57'),(388,1,24,1,'赞了你的笔记',13,1,'2026-05-13 20:20:07'),(389,1,24,1,'赞了你的笔记',13,1,'2026-05-13 20:20:12'),(390,1,24,1,'赞了你的笔记',13,1,'2026-05-13 20:20:16'),(391,1,24,1,'赞了你的笔记',13,1,'2026-05-13 20:20:19'),(392,1,24,1,'赞了你的笔记',13,1,'2026-05-13 20:20:35'),(393,1,24,1,'赞了你的笔记',13,1,'2026-05-13 20:20:37'),(394,1,24,1,'赞了你的笔记',13,1,'2026-05-13 20:20:39'),(395,1,24,1,'赞了你的笔记',13,1,'2026-05-13 20:20:39'),(396,1,24,1,'赞了你的笔记',13,1,'2026-05-13 20:20:40'),(397,1,24,1,'赞了你的笔记',13,1,'2026-05-13 20:20:41'),(398,1,24,1,'赞了你的笔记',13,1,'2026-05-13 20:20:49'),(399,1,24,1,'赞了你的笔记',13,1,'2026-05-13 20:21:22'),(400,1,24,6,'收藏了你的笔记',13,1,'2026-05-13 20:21:26'),(401,1,24,1,'赞了你的笔记',13,1,'2026-05-13 20:21:38'),(402,1,24,1,'赞了你的笔记',13,1,'2026-05-13 20:21:59'),(403,1,24,1,'赞了你的笔记',13,1,'2026-05-13 20:22:04'),(404,1,24,1,'赞了你的笔记',13,1,'2026-05-13 20:22:10'),(405,1,24,1,'赞了你的笔记',13,1,'2026-05-13 20:22:13'),(406,1,24,1,'赞了你的笔记',13,1,'2026-05-13 20:22:22'),(407,1,24,1,'赞了你的笔记',13,1,'2026-05-13 20:22:26'),(408,1,24,1,'赞了你的笔记',13,1,'2026-05-13 20:22:29'),(409,1,24,1,'赞了你的笔记',13,1,'2026-05-13 20:23:03'),(410,1,24,1,'赞了你的笔记',13,1,'2026-05-13 20:23:12'),(411,1,24,6,'收藏了你的笔记',13,1,'2026-05-13 20:23:46'),(412,1,24,1,'赞了你的笔记',13,1,'2026-05-13 20:23:48'),(413,1,24,6,'收藏了你的笔记',13,1,'2026-05-13 20:23:50'),(414,1,24,1,'赞了你的笔记',13,1,'2026-05-13 20:36:02'),(415,5,1,4,'发来了一条私信',6,1,'2026-05-13 20:38:06'),(416,5,6,4,'发来了一条私信',6,0,'2026-05-13 20:38:06'),(417,5,24,4,'发来了一条私信',6,1,'2026-05-13 20:38:06'),(418,5,29,4,'发来了一条私信',6,0,'2026-05-13 20:38:06'),(419,5,1,4,'发来了一条私信',6,1,'2026-05-13 20:38:19'),(420,5,6,4,'发来了一条私信',6,0,'2026-05-13 20:38:19'),(421,5,24,4,'发来了一条私信',6,1,'2026-05-13 20:38:19'),(422,5,29,4,'发来了一条私信',6,0,'2026-05-13 20:38:19'),(423,1,5,4,'发来了一条私信',6,1,'2026-05-13 20:42:35'),(424,1,6,4,'发来了一条私信',6,0,'2026-05-13 20:42:35'),(425,1,24,4,'发来了一条私信',6,1,'2026-05-13 20:42:35'),(426,1,29,4,'发来了一条私信',6,0,'2026-05-13 20:42:35'),(427,6,1,4,'发来了一条私信',2,1,'2026-05-13 21:33:06'),(428,5,1,4,'发来了一条私信',6,1,'2026-05-13 21:36:46'),(429,5,6,4,'发来了一条私信',6,0,'2026-05-13 21:36:46'),(430,5,24,4,'发来了一条私信',6,1,'2026-05-13 21:36:46'),(431,5,29,4,'发来了一条私信',6,0,'2026-05-13 21:36:46'),(432,6,1,4,'发来了一条私信',6,1,'2026-05-13 21:37:15'),(433,6,5,4,'发来了一条私信',6,1,'2026-05-13 21:37:15'),(434,6,24,4,'发来了一条私信',6,1,'2026-05-13 21:37:15'),(435,6,29,4,'发来了一条私信',6,0,'2026-05-13 21:37:15'),(436,5,1,4,'发来了一条私信',6,1,'2026-05-13 21:44:32'),(437,5,6,4,'发来了一条私信',6,0,'2026-05-13 21:44:32'),(438,5,24,4,'发来了一条私信',6,1,'2026-05-13 21:44:32'),(439,5,29,4,'发来了一条私信',6,0,'2026-05-13 21:44:32'),(440,5,1,4,'发来了一条私信',6,1,'2026-05-13 21:44:42'),(441,5,6,4,'发来了一条私信',6,0,'2026-05-13 21:44:42'),(442,5,24,4,'发来了一条私信',6,1,'2026-05-13 21:44:42'),(443,5,29,4,'发来了一条私信',6,0,'2026-05-13 21:44:42'),(444,1,5,4,'发来了一条私信',6,1,'2026-05-13 21:53:35'),(445,1,6,4,'发来了一条私信',6,0,'2026-05-13 21:53:35'),(446,1,24,4,'发来了一条私信',6,1,'2026-05-13 21:53:35'),(447,1,29,4,'发来了一条私信',6,0,'2026-05-13 21:53:35'),(448,1,6,4,'发来了一条私信',2,0,'2026-05-13 21:53:41'),(449,1,5,4,'发来了一条私信',6,1,'2026-05-13 21:53:54'),(450,1,6,4,'发来了一条私信',6,0,'2026-05-13 21:53:54'),(451,1,24,4,'发来了一条私信',6,1,'2026-05-13 21:53:54'),(452,1,29,4,'发来了一条私信',6,0,'2026-05-13 21:53:54'),(453,5,1,4,'发来了一条私信',6,1,'2026-05-13 22:11:56'),(454,5,6,4,'发来了一条私信',6,0,'2026-05-13 22:11:56'),(455,5,24,4,'发来了一条私信',6,1,'2026-05-13 22:11:56'),(456,5,29,4,'发来了一条私信',6,0,'2026-05-13 22:11:56'),(457,5,1,4,'发来了一条私信',6,1,'2026-05-13 22:12:02'),(458,5,6,4,'发来了一条私信',6,0,'2026-05-13 22:12:02'),(459,5,24,4,'发来了一条私信',6,1,'2026-05-13 22:12:02'),(460,5,29,4,'发来了一条私信',6,0,'2026-05-13 22:12:02'),(461,5,1,4,'发来了一条私信',6,1,'2026-05-13 22:12:14'),(462,5,6,4,'发来了一条私信',6,0,'2026-05-13 22:12:14'),(463,5,24,4,'发来了一条私信',6,1,'2026-05-13 22:12:14'),(464,5,29,4,'发来了一条私信',6,0,'2026-05-13 22:12:14'),(465,1,5,4,'发来了一条私信',6,1,'2026-05-13 22:12:59'),(466,1,6,4,'发来了一条私信',6,0,'2026-05-13 22:12:59'),(467,1,24,4,'发来了一条私信',6,1,'2026-05-13 22:12:59'),(468,1,29,4,'发来了一条私信',6,0,'2026-05-13 22:12:59'),(469,1,5,4,'发来了一条私信',6,1,'2026-05-13 22:13:04'),(470,1,6,4,'发来了一条私信',6,0,'2026-05-13 22:13:04'),(471,1,24,4,'发来了一条私信',6,1,'2026-05-13 22:13:04'),(472,1,29,4,'发来了一条私信',6,0,'2026-05-13 22:13:04'),(473,1,5,4,'发来了一条私信',6,1,'2026-05-13 22:13:10'),(474,1,6,4,'发来了一条私信',6,0,'2026-05-13 22:13:10'),(475,1,24,4,'发来了一条私信',6,1,'2026-05-13 22:13:10'),(476,1,29,4,'发来了一条私信',6,0,'2026-05-13 22:13:10'),(477,5,1,4,'发来了一条私信',6,1,'2026-05-13 22:15:09'),(478,5,6,4,'发来了一条私信',6,0,'2026-05-13 22:15:09'),(479,5,24,4,'发来了一条私信',6,1,'2026-05-13 22:15:09'),(480,5,29,4,'发来了一条私信',6,0,'2026-05-13 22:15:09'),(481,5,1,4,'发来了一条私信',6,1,'2026-05-13 22:15:17'),(482,5,6,4,'发来了一条私信',6,0,'2026-05-13 22:15:17'),(483,5,24,4,'发来了一条私信',6,1,'2026-05-13 22:15:17'),(484,5,29,4,'发来了一条私信',6,0,'2026-05-13 22:15:17'),(485,1,5,4,'发来了一条私信',6,1,'2026-05-13 22:16:57'),(486,1,6,4,'发来了一条私信',6,0,'2026-05-13 22:16:57'),(487,1,24,4,'发来了一条私信',6,1,'2026-05-13 22:16:57'),(488,1,29,4,'发来了一条私信',6,0,'2026-05-13 22:16:57'),(489,5,1,4,'发来了一条私信',6,1,'2026-05-13 22:18:58'),(490,5,6,4,'发来了一条私信',6,0,'2026-05-13 22:18:58'),(491,5,24,4,'发来了一条私信',6,1,'2026-05-13 22:18:58'),(492,5,29,4,'发来了一条私信',6,0,'2026-05-13 22:18:58'),(493,1,5,4,'发来了一条私信',6,1,'2026-05-13 22:19:13'),(494,1,6,4,'发来了一条私信',6,0,'2026-05-13 22:19:13'),(495,1,24,4,'发来了一条私信',6,1,'2026-05-13 22:19:13'),(496,1,29,4,'发来了一条私信',6,0,'2026-05-13 22:19:13'),(497,5,1,4,'发来了一条私信',6,1,'2026-05-13 22:19:20'),(498,5,6,4,'发来了一条私信',6,0,'2026-05-13 22:19:20'),(499,5,24,4,'发来了一条私信',6,1,'2026-05-13 22:19:20'),(500,5,29,4,'发来了一条私信',6,0,'2026-05-13 22:19:20'),(501,1,5,4,'发来了一条私信',6,1,'2026-05-13 22:19:38'),(502,1,6,4,'发来了一条私信',6,0,'2026-05-13 22:19:38'),(503,1,24,4,'发来了一条私信',6,1,'2026-05-13 22:19:38'),(504,1,29,4,'发来了一条私信',6,0,'2026-05-13 22:19:38'),(505,1,5,4,'发来了一条私信',1,1,'2026-05-13 22:20:02'),(506,1,5,4,'发来了一条私信',1,1,'2026-05-13 22:20:13'),(507,1,5,4,'发来了一条私信',1,1,'2026-05-13 22:20:36'),(508,5,1,4,'发来了一条私信',6,1,'2026-05-13 22:20:39'),(509,5,6,4,'发来了一条私信',6,0,'2026-05-13 22:20:39'),(510,5,24,4,'发来了一条私信',6,1,'2026-05-13 22:20:39'),(511,5,29,4,'发来了一条私信',6,0,'2026-05-13 22:20:39'),(512,1,5,4,'发来了一条私信',1,1,'2026-05-13 22:20:40'),(513,1,5,4,'发来了一条私信',6,1,'2026-05-13 22:20:59'),(514,1,6,4,'发来了一条私信',6,0,'2026-05-13 22:20:59'),(515,1,24,4,'发来了一条私信',6,1,'2026-05-13 22:20:59'),(516,1,29,4,'发来了一条私信',6,0,'2026-05-13 22:20:59'),(517,5,1,4,'发来了一条私信',1,1,'2026-05-13 22:20:59'),(518,1,5,4,'发来了一条私信',1,1,'2026-05-13 22:21:07'),(519,1,5,4,'发来了一条私信',1,1,'2026-05-13 22:21:11'),(520,1,5,4,'发来了一条私信',1,1,'2026-05-13 22:21:16'),(521,5,1,4,'发来了一条私信',1,1,'2026-05-13 22:21:31'),(522,1,5,4,'发来了一条私信',1,1,'2026-05-13 22:22:03'),(523,1,5,4,'发来了一条私信',1,1,'2026-05-13 22:23:49'),(524,5,1,4,'发来了一条私信',1,1,'2026-05-13 22:29:51'),(525,1,5,4,'发来了一条私信',1,1,'2026-05-13 22:30:29'),(526,1,5,4,'发来了一条私信',1,1,'2026-05-13 22:30:34'),(527,1,5,4,'发来了一条私信',6,1,'2026-05-13 22:32:34'),(528,1,6,4,'发来了一条私信',6,0,'2026-05-13 22:32:34'),(529,1,24,4,'发来了一条私信',6,1,'2026-05-13 22:32:34'),(530,1,29,4,'发来了一条私信',6,0,'2026-05-13 22:32:34'),(531,1,5,4,'发来了一条私信',6,1,'2026-05-13 22:32:37'),(532,1,6,4,'发来了一条私信',6,0,'2026-05-13 22:32:37'),(533,1,24,4,'发来了一条私信',6,1,'2026-05-13 22:32:37'),(534,1,29,4,'发来了一条私信',6,0,'2026-05-13 22:32:37'),(535,5,1,4,'发来了一条私信',1,1,'2026-05-13 22:32:40'),(536,1,5,4,'发来了一条私信',6,1,'2026-05-13 22:32:42'),(537,1,6,4,'发来了一条私信',6,0,'2026-05-13 22:32:42'),(538,1,24,4,'发来了一条私信',6,1,'2026-05-13 22:32:42'),(539,1,29,4,'发来了一条私信',6,0,'2026-05-13 22:32:42'),(540,1,5,4,'发来了一条私信',1,1,'2026-05-13 22:33:07'),(541,1,5,2,'评论了你的笔记',2,1,'2026-05-13 22:33:54'),(542,1,5,4,'发来了一条私信',1,1,'2026-05-13 22:37:59'),(543,1,5,4,'发来了一条私信',1,1,'2026-05-13 22:52:33'),(544,5,1,4,'发来了一条私信',1,1,'2026-05-13 22:59:46'),(545,5,1,4,'发来了一条私信',1,1,'2026-05-13 23:02:17'),(546,1,5,4,'发来了一条私信',1,1,'2026-05-14 00:56:16'),(547,1,5,4,'发来了一条私信',1,1,'2026-05-14 00:56:21'),(548,5,1,4,'发来了一条私信',6,1,'2026-05-14 11:28:52'),(549,5,6,4,'发来了一条私信',6,0,'2026-05-14 11:28:52'),(550,5,24,4,'发来了一条私信',6,1,'2026-05-14 11:28:52'),(551,5,29,4,'发来了一条私信',6,0,'2026-05-14 11:28:52'),(552,1,5,4,'发来了一条私信',6,1,'2026-05-14 13:44:37'),(553,1,6,4,'发来了一条私信',6,0,'2026-05-14 13:44:37'),(554,1,24,4,'发来了一条私信',6,1,'2026-05-14 13:44:37'),(555,1,29,4,'发来了一条私信',6,0,'2026-05-14 13:44:37'),(556,1,5,4,'发来了一条私信',1,1,'2026-05-14 15:20:21'),(557,5,1,4,'发来了一条私信',1,1,'2026-05-14 16:36:53'),(558,5,1,4,'发来了一条私信',1,1,'2026-05-14 16:37:03'),(559,1,5,4,'发来了一条私信',1,1,'2026-05-14 17:13:57'),(560,5,1,4,'发来了一条私信',1,1,'2026-05-14 17:31:17'),(561,1,5,4,'发来了一条私信',1,1,'2026-05-14 18:29:05'),(562,1,5,4,'发来了一条私信',1,1,'2026-05-14 18:29:08'),(563,1,5,4,'发来了一条私信',1,1,'2026-05-14 18:29:23'),(564,1,5,4,'发来了一条私信',1,1,'2026-05-14 18:29:29'),(565,1,5,4,'发来了一条私信',1,1,'2026-05-14 18:29:31'),(566,5,1,4,'发来了一条私信',1,1,'2026-05-14 18:38:05'),(567,5,1,4,'发来了一条私信',1,1,'2026-05-14 18:38:20'),(568,1,5,4,'发来了一条私信',1,1,'2026-05-14 18:49:33'),(569,1,5,4,'发来了一条私信',1,1,'2026-05-14 18:49:36'),(570,1,5,4,'发来了一条私信',1,1,'2026-05-14 18:49:39'),(571,5,1,4,'发来了一条私信',1,1,'2026-05-14 18:52:12'),(572,1,5,4,'发来了一条私信',1,1,'2026-05-14 19:13:20'),(573,1,24,1,'赞了你的笔记',13,1,'2026-05-14 23:50:16'),(574,1,24,1,'赞了你的笔记',13,1,'2026-05-14 23:50:21'),(575,1,24,6,'收藏了你的笔记',13,1,'2026-05-14 23:50:29'),(576,1,5,4,'发来了一条私信',1,1,'2026-05-15 02:18:00'),(577,1,24,4,'发来了一条私信',7,1,'2026-05-15 02:26:26'),(578,24,1,4,'发来了一条私信',7,1,'2026-05-15 02:27:35'),(579,1,24,4,'发来了一条私信',7,1,'2026-05-15 02:27:55'),(580,24,1,4,'发来了一条私信',7,1,'2026-05-15 02:28:03'),(581,1,24,4,'发来了一条私信',7,1,'2026-05-15 02:28:12'),(582,1,24,4,'发来了一条私信',7,1,'2026-05-15 02:40:00'),(583,1,24,4,'发来了一条私信',7,1,'2026-05-15 02:42:16'),(584,24,1,4,'发来了一条私信',7,1,'2026-05-15 02:42:21'),(585,1,24,4,'发来了一条私信',7,1,'2026-05-15 02:42:30'),(586,1,24,4,'发来了一条私信',7,1,'2026-05-15 02:42:34'),(587,24,1,4,'发来了一条私信',7,1,'2026-05-15 02:42:38'),(588,24,1,4,'发来了一条私信',7,1,'2026-05-15 02:42:41'),(589,1,24,4,'发来了一条私信',7,1,'2026-05-15 02:42:54'),(590,1,24,7,'怎么说么',7,1,'2026-05-15 02:45:37'),(591,1,24,4,'发来了一条私信',7,1,'2026-05-15 02:45:37'),(592,1,24,7,'怎么说',7,1,'2026-05-15 02:45:40'),(593,1,24,4,'发来了一条私信',7,1,'2026-05-15 02:45:40'),(594,1,24,7,'哈哈哈',7,1,'2026-05-15 02:55:44'),(595,1,24,4,'发来了一条私信',7,1,'2026-05-15 02:55:44'),(596,1,24,7,'哈哈哈',7,1,'2026-05-15 02:55:48'),(597,1,24,4,'发来了一条私信',7,1,'2026-05-15 02:55:48'),(598,24,1,4,'发来了一条私信',7,1,'2026-05-15 02:56:00'),(599,1,24,7,'？',7,1,'2026-05-15 02:56:06'),(600,1,24,4,'发来了一条私信',7,1,'2026-05-15 02:56:06'),(601,1,24,7,'怎么收不到信息',7,1,'2026-05-15 02:56:12'),(602,1,24,4,'发来了一条私信',7,1,'2026-05-15 02:56:13'),(603,1,24,7,'你好',7,1,'2026-05-15 03:03:30'),(604,1,24,4,'发来了一条私信',7,1,'2026-05-15 03:03:30'),(605,24,1,4,'发来了一条私信',7,1,'2026-05-15 03:03:36'),(606,1,24,7,'？',7,1,'2026-05-15 03:03:42'),(607,1,24,4,'发来了一条私信',7,1,'2026-05-15 03:03:42'),(608,24,1,4,'发来了一条私信',7,1,'2026-05-15 03:03:49'),(609,1,24,7,'不显示？',7,1,'2026-05-15 03:04:02'),(610,1,24,4,'发来了一条私信',7,1,'2026-05-15 03:04:02'),(611,1,24,7,'？',7,1,'2026-05-15 03:11:42'),(612,1,24,7,'哈哈哈哈',7,1,'2026-05-15 03:11:44'),(613,1,24,7,'/uploads/1778785908764-i03q1a.jpg',7,1,'2026-05-15 03:11:50'),(614,1,24,7,'/uploads/1778785921678-s4kbqy.jpg',7,1,'2026-05-15 03:12:02'),(615,1,24,7,'？',7,1,'2026-05-15 03:46:20'),(616,1,5,7,'哈哈哈',6,1,'2026-05-15 04:05:53'),(617,1,6,7,'哈哈哈',6,0,'2026-05-15 04:05:53'),(618,1,24,7,'哈哈哈',6,1,'2026-05-15 04:05:53'),(619,1,29,7,'哈哈哈',6,0,'2026-05-15 04:05:53'),(620,1,24,7,'你好',7,1,'2026-05-15 04:43:12'),(621,1,24,7,'你好',7,1,'2026-05-15 04:43:27'),(622,1,5,7,'/uploads/1778793133670-lx28y2.jpg',1,1,'2026-05-15 05:12:14'),(623,1,5,7,'咳咳',1,1,'2026-05-15 05:12:17'),(624,1,5,7,'实现了',1,1,'2026-05-15 05:12:20'),(625,1,5,7,'好丝滑啊',1,1,'2026-05-15 05:12:28'),(626,1,5,7,'/uploads/1778793166279-fdstt7.jpg',1,1,'2026-05-15 05:12:47'),(627,1,5,7,'这种效果',1,1,'2026-05-15 05:12:50'),(628,1,5,7,'哈哈哈',1,1,'2026-05-15 05:13:25'),(629,1,5,7,'还挺流畅',1,1,'2026-05-15 05:13:32'),(630,1,5,7,'wc',1,1,'2026-05-15 05:13:34'),(631,1,5,7,'哈哈哈',1,1,'2026-05-15 05:28:58'),(632,1,5,7,'？',1,1,'2026-05-15 05:29:02'),(633,1,5,7,'哈哈哈',1,1,'2026-05-15 05:48:51'),(634,1,5,7,'哈哈哈',1,1,'2026-05-15 05:48:55'),(635,1,5,7,'怎么说？',1,1,'2026-05-15 06:16:21'),(636,1,5,7,'哈哈哈',1,1,'2026-05-15 06:49:50'),(637,1,24,7,'你好',7,1,'2026-05-15 07:13:35'),(638,1,24,7,'哈哈哈',7,1,'2026-05-15 07:13:39'),(639,1,24,7,'你在干嘛呢？',7,1,'2026-05-15 07:13:45'),(640,1,24,7,'哈哈哈',7,1,'2026-05-15 07:59:57'),(641,1,24,7,'哈哈哈',7,1,'2026-05-15 08:31:07'),(642,1,24,7,'哈哈哈',7,1,'2026-05-15 08:31:10'),(643,1,24,7,'enen',7,1,'2026-05-15 09:16:23'),(644,5,1,4,'发来了一条私信',1,1,'2026-05-15 09:28:07'),(645,5,1,4,'发来了一条私信',1,1,'2026-05-15 09:28:14'),(646,24,1,7,'我已经重构好了',1,1,'2026-05-15 12:49:50'),(647,24,5,7,'我已经重构好了',1,1,'2026-05-15 12:49:50'),(648,24,1,7,'来来来',1,1,'2026-05-15 12:50:00'),(649,24,5,7,'来来来',1,1,'2026-05-15 12:50:00'),(650,24,1,7,'更新吧',1,1,'2026-05-15 12:50:02'),(651,24,5,7,'更新吧',1,1,'2026-05-15 12:50:02'),(652,24,1,7,'真的不错啊',7,1,'2026-05-15 12:54:12'),(653,24,1,7,'这UI',7,1,'2026-05-15 12:54:18'),(654,5,1,7,'666',1,1,'2026-05-15 14:26:58'),(655,5,1,7,'之前那个删了吗',1,1,'2026-05-15 14:27:55'),(656,1,5,7,'怎么说',1,1,'2026-05-15 17:40:07'),(657,1,5,7,'丝滑不',1,1,'2026-05-15 17:40:11'),(658,5,1,7,'可以',1,1,'2026-05-15 17:49:20'),(659,5,1,7,'侧面还可以滑动',1,1,'2026-05-15 17:49:28'),(660,5,1,7,'???',1,1,'2026-05-15 17:49:49'),(661,1,5,7,'包的',1,1,'2026-05-15 18:13:57'),(662,1,5,7,'微信聊天还需要优化',1,1,'2026-05-15 18:14:06'),(663,1,5,7,'这就是原生开发',1,1,'2026-05-15 18:14:29'),(664,1,5,7,'怎么说',1,1,'2026-05-15 19:20:18'),(665,1,5,7,'流畅不',1,1,'2026-05-15 19:20:22'),(666,1,24,7,'哈哈哈',7,0,'2026-05-15 19:48:52'),(667,24,1,7,'admin',7,1,'2026-05-15 20:22:36'),(668,24,1,7,'M',7,1,'2026-05-15 20:28:49'),(669,1,24,7,'哈哈哈',7,0,'2026-05-16 09:35:01'),(670,1,24,7,'哈哈哈',7,0,'2026-05-16 09:35:05'),(671,1,24,7,'哈哈哈',7,0,'2026-05-16 09:56:30'),(672,1,5,7,'新版本会更加丝滑',1,0,'2026-05-16 10:01:22'),(673,1,5,7,'我已经用上了',1,0,'2026-05-16 10:01:29'),(674,1,24,7,'？',7,0,'2026-05-16 12:27:53'),(675,1,24,7,'您好',7,0,'2026-05-16 12:30:45'),(676,5,1,2,'评论了你的笔记',16,1,'2026-05-16 15:27:41'),(677,5,1,7,'666',1,1,'2026-05-16 15:33:01'),(678,5,1,7,'看的我评论吗',1,1,'2026-05-16 15:33:06'),(679,1,5,7,'看得到',1,0,'2026-05-16 15:54:29'),(680,1,5,7,'/uploads/1778918073051-f2dccc.jpg',1,0,'2026-05-16 15:54:34'),(681,1,5,7,'/uploads/1778918105312-te2y1w.jpg',1,0,'2026-05-16 15:55:06'),(682,1,5,7,'还是Claude code好用',1,0,'2026-05-16 15:55:15'),(683,1,5,7,'trea写不出来',1,0,'2026-05-16 15:55:21'),(684,1,5,7,'废物trea',1,0,'2026-05-16 15:55:26'),(685,5,1,7,'666',1,1,'2026-05-16 16:44:31'),(686,1,5,7,'你在6什么',1,0,'2026-05-16 17:26:44'),(687,1,5,7,'6你老豆',1,0,'2026-05-16 17:26:50'),(688,5,1,7,'发点片看',1,1,'2026-05-16 19:32:03'),(689,5,1,7,'我张宇杰细狗要看片',1,1,'2026-05-16 19:32:27'),(690,5,1,7,'??',1,1,'2026-05-16 19:32:35');
/*!40000 ALTER TABLE `messages` ENABLE KEYS */;
UNLOCK TABLES;

--
-- Table structure for table `post_images`
--

DROP TABLE IF EXISTS `post_images`;
/*!40101 SET @saved_cs_client     = @@character_set_client */;
/*!40101 SET character_set_client = utf8 */;
CREATE TABLE `post_images` (
  `id` int(10) unsigned NOT NULL AUTO_INCREMENT,
  `post_id` int(10) unsigned NOT NULL,
  `image_url` varchar(500) COLLATE utf8mb4_unicode_ci NOT NULL,
  `media_type` tinyint(4) NOT NULL DEFAULT '1' COMMENT '1图片 2实况照片',
  `video_url` varchar(500) COLLATE utf8mb4_unicode_ci DEFAULT '',
  `ratio` float DEFAULT '1.2' COMMENT '宽高比 width/height',
  `sort_order` int(11) NOT NULL DEFAULT '0',
  `created_at` datetime NOT NULL DEFAULT CURRENT_TIMESTAMP,
  PRIMARY KEY (`id`),
  KEY `idx_post` (`post_id`),
  CONSTRAINT `post_images_ibfk_1` FOREIGN KEY (`post_id`) REFERENCES `posts` (`id`) ON DELETE CASCADE
) ENGINE=InnoDB AUTO_INCREMENT=36 DEFAULT CHARSET=utf8mb4 COLLATE=utf8mb4_unicode_ci;
/*!40101 SET character_set_client = @saved_cs_client */;

--
-- Dumping data for table `post_images`
--

LOCK TABLES `post_images` WRITE;
/*!40000 ALTER TABLE `post_images` DISABLE KEYS */;
INSERT INTO `post_images` VALUES (1,1,'/uploads/1778553215176-jnz67v.jpg',1,'',1,0,'2026-05-12 10:33:44'),(2,1,'/uploads/1778553216072-hrdctd.jpg',1,'',1,1,'2026-05-12 10:33:44'),(3,1,'/uploads/1778553216554-hkd40e.jpg',1,'',0.56,2,'2026-05-12 10:33:44'),(4,1,'/uploads/1778553216955-rhlh2f.jpg',1,'',0.46,3,'2026-05-12 10:33:44'),(5,1,'/uploads/1778553217456-rk199n.webp',1,'',0.46,4,'2026-05-12 10:33:44'),(6,1,'/uploads/1778553217960-dfec07.jpg',1,'',0.46,5,'2026-05-12 10:33:44'),(7,1,'/uploads/1778553218456-jvizqe.jpg',1,'',0.48,6,'2026-05-12 10:33:44'),(8,1,'/uploads/1778553219070-eez12a.jpg',1,'',1.01,7,'2026-05-12 10:33:44'),(9,1,'/uploads/1778553219660-2q3863.jpg',1,'',1,8,'2026-05-12 10:33:44'),(10,1,'/uploads/1778553220164-3w5lv7.png',1,'',0.69,9,'2026-05-12 10:33:44'),(11,1,'/uploads/1778553220863-ltr8o4.webp',1,'',0.43,10,'2026-05-12 10:33:44'),(12,1,'/uploads/1778553221362-fr5v1h.webp',1,'',0.43,11,'2026-05-12 10:33:44'),(13,1,'/uploads/1778553221869-piozua.jpg',1,'',0.56,12,'2026-05-12 10:33:44'),(14,1,'/uploads/1778553222469-taer19.png',1,'',0.46,13,'2026-05-12 10:33:44'),(15,1,'/uploads/1778553222965-3qp1tg.png',1,'',0.46,14,'2026-05-12 10:33:44'),(16,6,'/uploads/1778619355983-rtr5s6.jpg',1,'',1.14,0,'2026-05-13 04:55:57'),(17,8,'/uploads/1778620096950-ch7cxa.png',1,'',0.46,0,'2026-05-13 05:08:22'),(18,8,'/uploads/1778620098368-0qx84x.png',1,'',0.46,1,'2026-05-13 05:08:22'),(19,8,'/uploads/1778620099073-wn2scg.webp',1,'',0.43,2,'2026-05-13 05:08:22'),(20,8,'/uploads/1778620099593-68l0cz.webp',1,'',0.43,3,'2026-05-13 05:08:22'),(21,8,'/uploads/1778620100071-50x0xe.jpg',1,'',0.56,4,'2026-05-13 05:08:22'),(22,8,'/uploads/1778620100472-9hi2gd.png',1,'',0.46,5,'2026-05-13 05:08:22'),(23,8,'/uploads/1778620100974-ym33dl.png',1,'',0.46,6,'2026-05-13 05:08:22'),(24,8,'/uploads/1778620101596-slyxp6.webp',1,'',0.46,7,'2026-05-13 05:08:22'),(25,8,'/uploads/1778620102075-0q80oh.jpg',1,'',0.46,8,'2026-05-13 05:08:22'),(26,9,'/uploads/1778620197099-sotnty.jpg',1,'',1.14,0,'2026-05-13 05:09:58'),(27,9,'/uploads/1778620198031-denqw2.jpg',1,'',1.14,1,'2026-05-13 05:09:58'),(28,10,'/uploads/1778622137093-pv7s99.png',1,'',0.46,0,'2026-05-13 05:42:18'),(29,11,'/uploads/1778622219831-dgu3gg.png',1,'',1.78,0,'2026-05-13 05:43:42'),(30,11,'/uploads/1778622222117-e8vost.png',1,'',1.78,1,'2026-05-13 05:43:42'),(31,12,'/uploads/1778632300637-sxr4yn.png',1,'',0.69,0,'2026-05-13 08:31:44'),(32,12,'/uploads/1778632302340-xkygud.webp',1,'',0.46,1,'2026-05-13 08:31:44'),(33,12,'/uploads/1778632302842-azlqrr.jpg',1,'',0.46,2,'2026-05-13 08:31:44'),(34,13,'/uploads/1778668204101-rp8ouu.png',1,'',0.46,0,'2026-05-13 18:30:07'),(35,13,'/uploads/1778668205904-14l8qq.png',1,'',0.46,1,'2026-05-13 18:30:07');
/*!40000 ALTER TABLE `post_images` ENABLE KEYS */;
UNLOCK TABLES;

--
-- Table structure for table `posts`
--

DROP TABLE IF EXISTS `posts`;
/*!40101 SET @saved_cs_client     = @@character_set_client */;
/*!40101 SET character_set_client = utf8 */;
CREATE TABLE `posts` (
  `id` int(10) unsigned NOT NULL AUTO_INCREMENT,
  `user_id` int(10) unsigned NOT NULL,
  `title` varchar(100) COLLATE utf8mb4_unicode_ci NOT NULL DEFAULT '',
  `content` text COLLATE utf8mb4_unicode_ci NOT NULL,
  `category_id` int(10) unsigned DEFAULT NULL,
  `location` varchar(100) COLLATE utf8mb4_unicode_ci DEFAULT '',
  `topics` varchar(500) COLLATE utf8mb4_unicode_ci DEFAULT '',
  `post_type` tinyint(4) NOT NULL DEFAULT '3' COMMENT '1文字 2语音 3图文',
  `voice_url` varchar(500) COLLATE utf8mb4_unicode_ci DEFAULT '',
  `voice_duration` int(10) unsigned NOT NULL DEFAULT '0',
  `text_template` tinyint(4) NOT NULL DEFAULT '0',
  `link` varchar(500) COLLATE utf8mb4_unicode_ci DEFAULT '',
  `content_blocks` json DEFAULT NULL COMMENT '块编辑器内容',
  `likes_count` int(10) unsigned NOT NULL DEFAULT '0',
  `collects_count` int(10) unsigned NOT NULL DEFAULT '0',
  `comments_count` int(10) unsigned NOT NULL DEFAULT '0',
  `views_count` int(10) unsigned NOT NULL DEFAULT '0',
  `shares_count` int(10) unsigned NOT NULL DEFAULT '0',
  `status` tinyint(4) NOT NULL DEFAULT '1' COMMENT '0下架 1正常 2审核中',
  `created_at` datetime NOT NULL DEFAULT CURRENT_TIMESTAMP,
  `updated_at` datetime NOT NULL DEFAULT CURRENT_TIMESTAMP ON UPDATE CURRENT_TIMESTAMP,
  `is_pinned` tinyint(4) NOT NULL DEFAULT '0' COMMENT '0普通 1置顶',
  `pinned_at` datetime DEFAULT NULL COMMENT '置顶时间',
  `pinned_category_id` int(10) unsigned DEFAULT NULL COMMENT '在哪个分类置顶',
  `is_private` tinyint(4) NOT NULL DEFAULT '0' COMMENT '0公开 1私密',
  PRIMARY KEY (`id`),
  KEY `idx_user` (`user_id`),
  KEY `idx_category` (`category_id`),
  KEY `idx_status` (`status`),
  KEY `idx_created` (`created_at`),
  CONSTRAINT `posts_ibfk_1` FOREIGN KEY (`user_id`) REFERENCES `users` (`id`) ON DELETE CASCADE
) ENGINE=InnoDB AUTO_INCREMENT=17 DEFAULT CHARSET=utf8mb4 COLLATE=utf8mb4_unicode_ci;
/*!40101 SET character_set_client = @saved_cs_client */;

--
-- Dumping data for table `posts`
--

LOCK TABLES `posts` WRITE;
/*!40000 ALTER TABLE `posts` DISABLE KEYS */;
INSERT INTO `posts` VALUES (1,1,'hello word','这是我的第一篇笔记\n这是一个双列图文\n\n这是一个九宫格\n这是一个图片堆叠',1,'流弊国 流弊街道','',3,'/uploads/1778553223468-eszg1k.mp3',12,0,'https://www.baidu.com','[{\"type\": \"text\", \"content\": \"这是我的第一篇笔记\"}, {\"type\": \"image\", \"images\": [{\"url\": \"/uploads/1778553215176-jnz67v.jpg\", \"ratio\": 1}, {\"url\": \"/uploads/1778553216072-hrdctd.jpg\", \"ratio\": 1}], \"layout\": \"double\"}, {\"type\": \"text\", \"content\": \"这是一个双列图文\\n\"}, {\"type\": \"image\", \"images\": [{\"url\": \"/uploads/1778553216554-hkd40e.jpg\", \"ratio\": 0.56}, {\"url\": \"/uploads/1778553216955-rhlh2f.jpg\", \"ratio\": 0.46}, {\"url\": \"/uploads/1778553217456-rk199n.webp\", \"ratio\": 0.46}, {\"url\": \"/uploads/1778553217960-dfec07.jpg\", \"ratio\": 0.46}, {\"url\": \"/uploads/1778553218456-jvizqe.jpg\", \"ratio\": 0.48}, {\"url\": \"/uploads/1778553219070-eez12a.jpg\", \"ratio\": 1.01}, {\"url\": \"/uploads/1778553219660-2q3863.jpg\", \"ratio\": 1}, {\"url\": \"/uploads/1778553220164-3w5lv7.png\", \"ratio\": 0.69}, {\"url\": \"/uploads/1778553220863-ltr8o4.webp\", \"ratio\": 0.43}], \"layout\": \"grid\"}, {\"type\": \"text\", \"content\": \"这是一个九宫格\"}, {\"type\": \"image\", \"images\": [{\"url\": \"/uploads/1778553221362-fr5v1h.webp\", \"ratio\": 0.43}, {\"url\": \"/uploads/1778553221869-piozua.jpg\", \"ratio\": 0.56}, {\"url\": \"/uploads/1778553222469-taer19.png\", \"ratio\": 0.46}, {\"url\": \"/uploads/1778553222965-3qp1tg.png\", \"ratio\": 0.46}], \"layout\": \"stack\"}, {\"type\": \"text\", \"content\": \"这是一个图片堆叠\"}, {\"url\": \"/uploads/1778553223468-eszg1k.mp3\", \"type\": \"voice\", \"duration\": 12}]',1,0,2,140,0,1,'2026-05-12 10:33:44','2026-05-16 21:45:45',1,'2026-05-13 19:34:53',1,0),(2,5,'wjsjsj','sjwjejnf',1,'牛逼国','',1,'',0,0,'www.','[{\"type\": \"text\", \"content\": \"sjwjejnf\"}]',0,0,2,45,0,1,'2026-05-12 10:46:38','2026-05-15 20:24:01',0,NULL,NULL,0),(3,6,'.','故氏君是大傻子',1,'','',1,'',0,0,'','[{\"type\": \"text\", \"content\": \"故氏君是大傻子\"}]',0,0,1,43,0,1,'2026-05-12 19:09:38','2026-05-16 19:43:35',0,NULL,NULL,0),(4,24,'测试','测试',1,'','',1,'',0,0,'','[{\"type\": \"text\", \"content\": \"测试\"}]',0,0,0,12,0,1,'2026-05-13 04:33:44','2026-05-16 13:07:02',0,NULL,NULL,0),(5,24,'测试','测试',1,'','',1,'',0,0,'','[{\"type\": \"text\", \"content\": \"测试\"}]',0,0,0,12,0,1,'2026-05-13 04:54:58','2026-05-17 00:37:00',0,NULL,NULL,0),(6,24,'随便试试看','嘻嘻',1,'','',3,'/uploads/1778619356802-ddr5uk.mp3',4,0,'','[{\"type\": \"image\", \"images\": [{\"url\": \"/uploads/1778619355983-rtr5s6.jpg\", \"ratio\": 1.14}], \"layout\": \"stack\"}, {\"type\": \"text\", \"content\": \"嘻嘻\"}, {\"url\": \"/uploads/1778619356802-ddr5uk.mp3\", \"type\": \"voice\", \"duration\": 4}]',0,0,1,14,0,1,'2026-05-13 04:55:57','2026-05-15 08:48:26',0,NULL,NULL,0),(7,1,'官方发帖','官方发帖测试',1,'','',3,'/uploads/1778620008069-2dm8n6.mp3',3,0,'','[{\"type\": \"text\", \"content\": \"官方发帖测试\"}, {\"url\": \"/uploads/1778620008069-2dm8n6.mp3\", \"type\": \"voice\", \"duration\": 3}]',0,0,0,16,0,1,'2026-05-13 05:06:48','2026-05-15 04:01:52',0,NULL,NULL,0),(8,1,'当朋友圈发了','当朋友圈发了',1,'','',3,'',0,0,'','[{\"type\": \"text\", \"content\": \"当朋友圈发了\"}, {\"type\": \"image\", \"images\": [{\"url\": \"/uploads/1778620096950-ch7cxa.png\", \"ratio\": 0.46}, {\"url\": \"/uploads/1778620098368-0qx84x.png\", \"ratio\": 0.46}, {\"url\": \"/uploads/1778620099073-wn2scg.webp\", \"ratio\": 0.43}, {\"url\": \"/uploads/1778620099593-68l0cz.webp\", \"ratio\": 0.43}, {\"url\": \"/uploads/1778620100071-50x0xe.jpg\", \"ratio\": 0.56}, {\"url\": \"/uploads/1778620100472-9hi2gd.png\", \"ratio\": 0.46}, {\"url\": \"/uploads/1778620100974-ym33dl.png\", \"ratio\": 0.46}, {\"url\": \"/uploads/1778620101596-slyxp6.webp\", \"ratio\": 0.46}, {\"url\": \"/uploads/1778620102075-0q80oh.jpg\", \"ratio\": 0.46}], \"layout\": \"grid\"}]',0,0,0,8,0,1,'2026-05-13 05:08:22','2026-05-15 20:24:56',0,NULL,NULL,0),(9,1,'双图','哎哟',1,'','',3,'',0,0,'','[{\"type\": \"text\", \"content\": \"哎哟\"}, {\"type\": \"image\", \"images\": [{\"url\": \"/uploads/1778620197099-sotnty.jpg\", \"ratio\": 1.14}, {\"url\": \"/uploads/1778620198031-denqw2.jpg\", \"ratio\": 1.14}], \"layout\": \"double\"}]',0,0,0,10,0,1,'2026-05-13 05:09:58','2026-05-15 08:08:59',0,NULL,NULL,0),(10,1,'测试地方多写一点','纯测试',1,'','',3,'',0,0,'','[{\"type\": \"text\", \"content\": \"纯测试\"}, {\"type\": \"image\", \"images\": [{\"url\": \"/uploads/1778622137093-pv7s99.png\", \"ratio\": 0.46}], \"layout\": \"full\"}]',0,0,0,16,0,1,'2026-05-13 05:42:18','2026-05-16 21:25:33',1,'2026-05-16 19:40:02',1,0),(11,1,'嘻嘻不嘻嘻','嘻嘻不嘻嘻',1,'','',3,'',0,0,'','[{\"type\": \"text\", \"content\": \"嘻嘻不嘻嘻\"}, {\"type\": \"image\", \"images\": [{\"url\": \"/uploads/1778622219831-dgu3gg.png\", \"ratio\": 1.78}, {\"url\": \"/uploads/1778622222117-e8vost.png\", \"ratio\": 1.78}], \"layout\": \"double\"}]',0,0,0,27,0,1,'2026-05-13 05:43:42','2026-05-16 23:28:14',0,NULL,NULL,0),(12,1,'欢迎大家使用留笔APP','如果有bug啥的欢迎大家评测，目前注册登录全开放流程，也接入目前主流ai模型：Claude\n有bug的话欢迎评论区交流！！！',172,'美国','',3,'/uploads/1778632303345-yb0hhj.mp3',60,0,'','[{\"type\": \"text\", \"content\": \"如果有bug啥的欢迎大家评测，目前注册登录全开放流程，也接入目前主流ai模型：Claude\"}, {\"type\": \"image\", \"images\": [{\"url\": \"/uploads/1778632300637-sxr4yn.png\", \"ratio\": 0.69}, {\"url\": \"/uploads/1778632302340-xkygud.webp\", \"ratio\": 0.46}, {\"url\": \"/uploads/1778632302842-azlqrr.jpg\", \"ratio\": 0.46}], \"layout\": \"stack\"}, {\"url\": \"/uploads/1778632303345-yb0hhj.mp3\", \"type\": \"voice\", \"duration\": 60}, {\"type\": \"text\", \"content\": \"有bug的话欢迎评论区交流！！！\"}]',1,0,3,108,0,1,'2026-05-13 08:31:44','2026-05-16 23:28:03',0,NULL,NULL,0),(13,24,'测试','测试显示地理位置',1,'湖北·武汉','',3,'',0,0,'','[{\"type\": \"text\", \"content\": \"测试显示地理位置\"}, {\"type\": \"image\", \"images\": [{\"url\": \"/uploads/1778668204101-rp8ouu.png\", \"ratio\": 0.46}, {\"url\": \"/uploads/1778668205904-14l8qq.png\", \"ratio\": 0.46}], \"layout\": \"double\"}]',0,0,2,132,0,1,'2026-05-13 18:30:07','2026-05-17 00:37:31',0,NULL,NULL,0),(14,1,'来给大家唱一首歌','都在歌里面',1,'','',3,'/uploads/1778682995431-2wybor.mp3',10,0,'','[{\"type\": \"text\", \"content\": \"都在歌里面\"}, {\"url\": \"/uploads/1778682995431-2wybor.mp3\", \"type\": \"voice\", \"duration\": 10}]',0,0,3,60,0,1,'2026-05-13 22:35:49','2026-05-17 00:37:18',0,NULL,NULL,0),(15,1,'我没发一直有趣','哈哈哈',1,'湖北·武汉','',2,'/uploads/1778787585128-u23jhb.wav',0,0,'','[{\"type\": \"text\", \"content\": \"哈哈哈\"}, {\"url\": \"/uploads/1778787585128-u23jhb.wav\", \"type\": \"voice\", \"duration\": 0}]',0,0,2,36,0,1,'2026-05-15 03:39:46','2026-05-16 19:08:08',0,NULL,NULL,0),(16,1,'测试标题长度，哈哈哈哈哈哈哈哈哈哈哈哈哈哈哈哈哈哈哈哈哈哈哈哈哈哈哈哈','标题长度测试成功奖学金继续继续加加加小姐姐家具家电接电话的好科技兴军行吧行吧吧会计学好像不行吧科技兴军多娜多娜框架想你想你N多科技兴军想那些吧科技兴军行吧行吧吧快开学继续继续吧开心就行就行你不想看看学姐学姐你下班开心就好想你想你想你i学姐学姐奶凶奶凶吧标题长度测试成功奖学金继续继续加加加小姐姐家具家电接电话的好科技兴军行吧行吧吧会计学好像不行吧科技兴军多娜多娜框架想你想你N多科技兴军想那些吧科技兴军行吧行吧吧快开学继续继续吧开心就行就行你不想看看学姐学姐你下班开心就好想你想你想你i学姐学姐奶凶奶凶吧标题长度测试成功奖学金继续继续加加加小姐姐家具家电接电话的好科技兴军行吧行吧吧会计学好像不行吧科技兴军多娜多娜框架想你想你N多科技兴军想那些吧科技兴军行吧行吧吧快开学继续继续吧开心就行就行你不想看看学姐学姐你下班开心就好想你想你想你i学姐学姐奶凶奶凶吧。谢谢',1,'湖北·武汉','',1,'',0,0,'','[{\"type\": \"text\", \"content\": \"标题长度测试成功奖学金继续继续加加加小姐姐家具家电接电话的好科技兴军行吧行吧吧会计学好像不行吧科技兴军多娜多娜框架想你想你N多科技兴军想那些吧科技兴军行吧行吧吧快开学继续继续吧开心就行就行你不想看看学姐学姐你下班开心就好想你想你想你i学姐学姐奶凶奶凶吧标题长度测试成功奖学金继续继续加加加小姐姐家具家电接电话的好科技兴军行吧行吧吧会计学好像不行吧科技兴军多娜多娜框架想你想你N多科技兴军想那些吧科技兴军行吧行吧吧快开学继续继续吧开心就行就行你不想看看学姐学姐你下班开心就好想你想你想你i学姐学姐奶凶奶凶吧标题长度测试成功奖学金继续继续加加加小姐姐家具家电接电话的好科技兴军行吧行吧吧会计学好像不行吧科技兴军多娜多娜框架想你想你N多科技兴军想那些吧科技兴军行吧行吧吧快开学继续继续吧开心就行就行你不想看看学姐学姐你下班开心就好想你想你想你i学姐学姐奶凶奶凶吧。谢谢\"}]',0,0,0,75,0,1,'2026-05-16 13:06:38','2026-05-17 00:37:48',0,NULL,NULL,1);
/*!40000 ALTER TABLE `posts` ENABLE KEYS */;
UNLOCK TABLES;

--
-- Table structure for table `search_logs`
--

DROP TABLE IF EXISTS `search_logs`;
/*!40101 SET @saved_cs_client     = @@character_set_client */;
/*!40101 SET character_set_client = utf8 */;
CREATE TABLE `search_logs` (
  `id` int(10) unsigned NOT NULL AUTO_INCREMENT,
  `keyword` varchar(100) COLLATE utf8mb4_unicode_ci NOT NULL,
  `created_at` datetime NOT NULL DEFAULT CURRENT_TIMESTAMP,
  PRIMARY KEY (`id`),
  KEY `idx_keyword` (`keyword`)
) ENGINE=InnoDB AUTO_INCREMENT=26 DEFAULT CHARSET=utf8mb4 COLLATE=utf8mb4_unicode_ci;
/*!40101 SET character_set_client = @saved_cs_client */;

--
-- Dumping data for table `search_logs`
--

LOCK TABLES `search_logs` WRITE;
/*!40000 ALTER TABLE `search_logs` DISABLE KEYS */;
INSERT INTO `search_logs` VALUES (1,'qwe','2026-05-12 10:42:51'),(2,'小予','2026-05-12 10:56:04'),(3,'小予','2026-05-13 05:09:10'),(4,'朋友圈','2026-05-13 05:09:19'),(5,'爆炒','2026-05-13 18:23:19'),(6,'美食','2026-05-14 23:22:53'),(7,'小予','2026-05-15 04:42:46'),(8,'美食','2026-05-15 04:42:51'),(9,'小予','2026-05-15 06:32:48'),(10,'小予','2026-05-15 06:33:03'),(11,'小予','2026-05-15 06:33:11'),(12,'哈哈哈','2026-05-15 06:33:18'),(13,'小予','2026-05-15 06:38:22'),(14,'小予','2026-05-15 06:38:25'),(15,'哈哈哈','2026-05-15 06:38:28'),(16,'哈哈哈','2026-05-15 08:25:43'),(17,'哈哈哈','2026-05-15 08:33:49'),(18,'小予','2026-05-15 08:47:14'),(19,'小予','2026-05-15 09:22:46'),(20,'小予','2026-05-15 12:58:17'),(21,'哈哈哈','2026-05-15 12:58:28'),(22,'哈哈哈','2026-05-15 12:58:35'),(23,'哈哈哈','2026-05-15 12:58:35'),(24,'哈哈哈','2026-05-15 12:58:36'),(25,'admin','2026-05-15 20:22:48');
/*!40000 ALTER TABLE `search_logs` ENABLE KEYS */;
UNLOCK TABLES;

--
-- Table structure for table `users`
--

DROP TABLE IF EXISTS `users`;
/*!40101 SET @saved_cs_client     = @@character_set_client */;
/*!40101 SET character_set_client = utf8 */;
CREATE TABLE `users` (
  `id` int(10) unsigned NOT NULL AUTO_INCREMENT,
  `username` varchar(50) COLLATE utf8mb4_unicode_ci NOT NULL,
  `password` varchar(200) COLLATE utf8mb4_unicode_ci NOT NULL,
  `nickname` varchar(50) COLLATE utf8mb4_unicode_ci NOT NULL DEFAULT '',
  `avatar` varchar(500) COLLATE utf8mb4_unicode_ci DEFAULT '',
  `bg_image` varchar(500) COLLATE utf8mb4_unicode_ci DEFAULT '',
  `email` varchar(100) COLLATE utf8mb4_unicode_ci DEFAULT '',
  `bio` varchar(200) COLLATE utf8mb4_unicode_ci DEFAULT '',
  `gender` tinyint(4) DEFAULT NULL COMMENT '0女 1男 NULL未设置',
  `birthday` date DEFAULT NULL,
  `role` tinyint(4) NOT NULL DEFAULT '0' COMMENT '0普通用户 1管理员',
  `fans_count` int(10) unsigned NOT NULL DEFAULT '0',
  `follow_count` int(10) unsigned NOT NULL DEFAULT '0',
  `like_count` int(10) unsigned NOT NULL DEFAULT '0',
  `status` tinyint(4) NOT NULL DEFAULT '1' COMMENT '0禁用 1正常',
  `privacy_follows` tinyint(4) NOT NULL DEFAULT '0' COMMENT '0公开 1私密',
  `privacy_fans` tinyint(4) NOT NULL DEFAULT '0' COMMENT '0公开 1私密',
  `privacy_likes` tinyint(4) NOT NULL DEFAULT '0' COMMENT '0公开 1私密',
  `username_changed_at` datetime DEFAULT NULL,
  `created_at` datetime NOT NULL DEFAULT CURRENT_TIMESTAMP,
  `updated_at` datetime NOT NULL DEFAULT CURRENT_TIMESTAMP ON UPDATE CURRENT_TIMESTAMP,
  `mute_until` datetime DEFAULT NULL,
  `location` varchar(100) COLLATE utf8mb4_unicode_ci DEFAULT '' COMMENT 'IP属地',
  `last_login_at` datetime DEFAULT NULL COMMENT '最后登录时间',
  PRIMARY KEY (`id`),
  UNIQUE KEY `username` (`username`),
  KEY `idx_username` (`username`),
  KEY `idx_role` (`role`),
  KEY `idx_email` (`email`)
) ENGINE=InnoDB AUTO_INCREMENT=52 DEFAULT CHARSET=utf8mb4 COLLATE=utf8mb4_unicode_ci;
/*!40101 SET character_set_client = @saved_cs_client */;

--
-- Dumping data for table `users`
--

LOCK TABLES `users` WRITE;
/*!40000 ALTER TABLE `users` DISABLE KEYS */;
INSERT INTO `users` VALUES (1,'admin','$2a$10$AobM4IMIZcSA73mehEbGxuPBgGxCo/ZWGkqKnLkJ5/7P5UCP7MgvK','小予','/uploads/1778552650727-g1g9qi.jpg','/uploads/1778552674175-twcvmp.jpg','763333529@qq.com','愿山野浓雾都有路灯风…',1,'2004-02-24',1,2,2,25,1,1,1,1,NULL,'2026-05-12 10:12:30','2026-05-16 19:08:23',NULL,'湖北·武汉','2026-05-15 03:47:11'),(3,'root','123456','超级管理员','','','','',NULL,NULL,1,0,0,0,1,0,0,0,NULL,'2026-05-12 10:19:09','2026-05-13 01:05:38',NULL,'',NULL),(5,'666666666','$2a$10$19FDFAie6ZvwYfr4qEeMkuiLNJn06yeWT.0xb1MzExovT7CjmeYom','张宇杰','','','3447638452@qq.com','',0,NULL,0,1,1,0,1,0,0,0,'2026-05-12 10:51:46','2026-05-12 10:32:56','2026-05-16 15:28:43',NULL,'上海市·上海','2026-05-13 22:59:00'),(6,'520223708','$2a$10$eSNPSQRpV.sEmdDzg0Ohsur6HO0SMvND22vgSHgw8YV0keFB1Zd06','star','','','3463825717@qq.com','',NULL,NULL,0,1,1,1,1,0,0,0,NULL,'2026-05-12 19:02:38','2026-05-15 19:25:28',NULL,'',NULL),(24,'763333529','$2a$10$nzPlw1SRCRcZlfQrgMEprud23HuUFdkJzLfY8Zxog00W4oZnwW8G6','oi','','','a@liu.bi','',NULL,NULL,0,0,0,29,1,0,0,0,'2026-05-13 04:51:02','2026-05-13 04:33:08','2026-05-15 18:21:24',NULL,'湖北·武汉','2026-05-15 03:42:27'),(29,'736078957','$2a$10$XXJKHWbQXCdfFZX17RJ44e/.nITcWSOH2bRAOFsNVMQIMDfNLLav.','爆炒小予','','','824466402@qq.com','',NULL,NULL,0,0,0,0,1,0,0,0,NULL,'2026-05-13 18:22:22','2026-05-13 18:22:22',NULL,'',NULL);
/*!40000 ALTER TABLE `users` ENABLE KEYS */;
UNLOCK TABLES;

--
-- Table structure for table `verify_codes`
--

DROP TABLE IF EXISTS `verify_codes`;
/*!40101 SET @saved_cs_client     = @@character_set_client */;
/*!40101 SET character_set_client = utf8 */;
CREATE TABLE `verify_codes` (
  `id` int(10) unsigned NOT NULL AUTO_INCREMENT,
  `email` varchar(100) COLLATE utf8mb4_unicode_ci NOT NULL,
  `code` varchar(10) COLLATE utf8mb4_unicode_ci NOT NULL,
  `type` tinyint(4) NOT NULL COMMENT '1注册 2登录 3修改密码 4绑定邮箱',
  `expires_at` datetime NOT NULL,
  `used` tinyint(4) NOT NULL DEFAULT '0',
  `created_at` datetime NOT NULL DEFAULT CURRENT_TIMESTAMP,
  PRIMARY KEY (`id`),
  KEY `idx_email_code` (`email`,`code`,`type`)
) ENGINE=InnoDB AUTO_INCREMENT=28 DEFAULT CHARSET=utf8mb4 COLLATE=utf8mb4_unicode_ci;
/*!40101 SET character_set_client = @saved_cs_client */;

--
-- Dumping data for table `verify_codes`
--

LOCK TABLES `verify_codes` WRITE;
/*!40000 ALTER TABLE `verify_codes` DISABLE KEYS */;
INSERT INTO `verify_codes` VALUES (1,'763333529@qq.com','848823',2,'2026-05-12 10:28:05',1,'2026-05-12 10:23:05'),(2,'763333529@qq.com','838653',3,'2026-05-12 10:28:34',1,'2026-05-12 10:23:34'),(3,'3447638452@qq.com','322805',1,'2026-05-12 10:37:11',1,'2026-05-12 10:32:11'),(4,'3463825717@qq.com','746110',1,'2026-05-12 19:06:53',1,'2026-05-12 19:01:53'),(5,'a@liu.bi','179505',1,'2026-05-13 04:37:31',1,'2026-05-13 04:32:31'),(6,'763333529@qq.com','591389',2,'2026-05-13 08:28:02',1,'2026-05-13 08:23:02'),(7,'a@liu.bi','275382',2,'2026-05-13 08:56:13',1,'2026-05-13 08:51:13'),(8,'824466402@qq.com','100751',1,'2026-05-13 18:26:08',1,'2026-05-13 18:21:08'),(9,'763333529@qq.com','458529',2,'2026-05-13 18:45:01',0,'2026-05-13 18:40:01'),(10,'763333529@qq.com','129321',2,'2026-05-13 18:46:19',0,'2026-05-13 18:41:19'),(11,'763333529@qq.com','909867',2,'2026-05-13 18:50:38',0,'2026-05-13 18:45:38'),(12,'763333529@qq.com','985719',2,'2026-05-13 18:53:36',0,'2026-05-13 18:48:36'),(13,'763333529@qq.com','277451',2,'2026-05-13 18:54:53',1,'2026-05-13 18:49:53'),(14,'763333529@qq.com','815971',2,'2026-05-13 21:57:37',1,'2026-05-13 21:52:37'),(15,'763333529@qq.com','794541',2,'2026-05-13 22:09:18',1,'2026-05-13 22:04:18'),(16,'763333529@qq.com','700755',2,'2026-05-13 22:36:38',1,'2026-05-13 22:31:38'),(17,'763333529@qq.com','873872',2,'2026-05-15 02:54:44',0,'2026-05-15 02:49:44'),(18,'2897821342@qq.com','390036',1,'2026-05-15 03:14:06',0,'2026-05-15 03:09:06'),(19,'763333529@qq.com','790045',2,'2026-05-15 03:29:14',1,'2026-05-15 03:24:14'),(20,'763333529@qq.com','969066',2,'2026-05-15 03:42:34',1,'2026-05-15 03:37:34'),(21,'a@liu.bi','854506',2,'2026-05-15 03:47:00',1,'2026-05-15 03:42:00'),(22,'763333529@qq.com','759835',2,'2026-05-15 05:15:06',1,'2026-05-15 05:10:06'),(23,'3447638452@qq.com','864840',2,'2026-05-15 14:10:18',1,'2026-05-15 14:05:18'),(24,'763333529@qq.com','975416',2,'2026-05-15 18:22:36',0,'2026-05-15 18:17:36'),(25,'763333529@qq.com','706728',2,'2026-05-15 19:53:18',1,'2026-05-15 19:48:18'),(26,'763333529@qq.com','412653',2,'2026-05-16 16:23:29',0,'2026-05-16 16:18:29'),(27,'763333529@qq.com','834818',2,'2026-05-16 16:27:07',1,'2026-05-16 16:22:07');
/*!40000 ALTER TABLE `verify_codes` ENABLE KEYS */;
UNLOCK TABLES;
/*!40103 SET TIME_ZONE=@OLD_TIME_ZONE */;

/*!40101 SET SQL_MODE=@OLD_SQL_MODE */;
/*!40014 SET FOREIGN_KEY_CHECKS=@OLD_FOREIGN_KEY_CHECKS */;
/*!40014 SET UNIQUE_CHECKS=@OLD_UNIQUE_CHECKS */;
/*!40101 SET CHARACTER_SET_CLIENT=@OLD_CHARACTER_SET_CLIENT */;
/*!40101 SET CHARACTER_SET_RESULTS=@OLD_CHARACTER_SET_RESULTS */;
/*!40101 SET COLLATION_CONNECTION=@OLD_COLLATION_CONNECTION */;
/*!40111 SET SQL_NOTES=@OLD_SQL_NOTES */;

-- Dump completed on 2026-05-17  0:57:33
